-- --------------------------------------------------------
-- Servidor:                     127.0.0.1
-- Versão do servidor:           8.0.30 - MySQL Community Server - GPL
-- OS do Servidor:               Win64
-- HeidiSQL Versão:              12.4.0.6659
-- --------------------------------------------------------

/*!40101 SET @OLD_CHARACTER_SET_CLIENT=@@CHARACTER_SET_CLIENT */;
/*!40101 SET NAMES utf8 */;
/*!50503 SET NAMES utf8mb4 */;
/*!40103 SET @OLD_TIME_ZONE=@@TIME_ZONE */;
/*!40103 SET TIME_ZONE='+00:00' */;
/*!40014 SET @OLD_FOREIGN_KEY_CHECKS=@@FOREIGN_KEY_CHECKS, FOREIGN_KEY_CHECKS=0 */;
/*!40101 SET @OLD_SQL_MODE=@@SQL_MODE, SQL_MODE='NO_AUTO_VALUE_ON_ZERO' */;
/*!40111 SET @OLD_SQL_NOTES=@@SQL_NOTES, SQL_NOTES=0 */;

-- Copiando estrutura para tabela g-medical.app_config
CREATE TABLE IF NOT EXISTS `app_config` (
  `id` int NOT NULL AUTO_INCREMENT,
  `campo` varchar(300) DEFAULT NULL,
  `label` varchar(300) DEFAULT NULL,
  `instrucao` varchar(300) DEFAULT NULL,
  `valor` text,
  PRIMARY KEY (`id`)
) ENGINE=InnoDB AUTO_INCREMENT=74 DEFAULT CHARSET=latin1;

-- Copiando dados para a tabela g-medical.app_config: ~43 rows (aproximadamente)
INSERT IGNORE INTO `app_config` (`id`, `campo`, `label`, `instrucao`, `valor`) VALUES
	(1, 'titulo_home', 'Título Página Inicial', 'Esse título estará apenas na página inicial', '"G-Medical"'),
	(2, 'titulo_site', 'Nome do site', 'Esse título estará em todas as páginas do site logo após o título principal (ex: Blog | Nome do site)', '"G-medical"'),
	(3, 'image_logo', 'Logo Principal', 'Logo principal do site', '{"url":"type-1.png","status":true}'),
	(4, 'image_rodape', 'Logo Rodapé', 'Logo do rodapé', '{"url":"type-2.png","status":true}'),
	(5, 'image_email', 'Logo E-mail', 'Logo para e-mails enviados', '{"url":"type-2.png","status":true}'),
	(6, 'favicon', 'Favicon', 'Ícone na aba do navegador', '{"url":"","status":true}'),
	(7, 'description', 'Description', 'Description padrão do site', ''),
	(26, 'telefones', 'Telefone(s) e WhatsApp(s)', '', '[{"label":"Fale conosco","tipo":"ddd","destino":"telefone","mensagem":"","exibir":"N\\u00famero com DDD","exibir2":"Liga\\u00e7\\u00e3o","number":"(62) 3609-8197"},{"label":"WhatsApp","tipo":"ddd","destino":"whatsapp","mensagem":"","exibir":"N\\u00famero com DDD","exibir2":"WhatsApp","number":"(62) 3609-8197"}]'),
	(27, 'redes', 'Canais e redes sociais', '', '[{"titulo":"Facebook","valor":"https:\\/\\/www.facebook.com\\/gmedicalpielsana"},{"titulo":"Instagram","valor":"#"},{"titulo":"Funcionamento","valor":"Segunda \\u00e0 Sexta <br> das 06:30 \\u00e0s 19:00 hrs"},{"titulo":"Email","valor":"comercial@gmedical.com.br"}]'),
	(28, 'unidades', 'Unidades', '', '[{"unidade":"G Medical","valor":{"telefones":{"value":{"valor":[{"label":"Contato","tipo":"ddd","destino":"telefone","mensagem":"","exibir":"N\\u00famero com DDD","exibir2":"Liga\\u00e7\\u00e3o","number":"(62) 3609-8197"}]},"internal":true}},"endereco":"Av. Sucuri, 2094 - Qd.131 Lt.75 - Setor Santa Genoveva, Goi\\u00e2nia - GO, 74672-685","link":"https:\\/\\/goo.gl\\/maps\\/U2oetShFJ4jz2vBs7","iframe":"<iframe src=\\"https:\\/\\/www.google.com\\/maps\\/embed?pb=!1m18!1m12!1m3!1d3822.828711506344!2d-49.22891302415883!3d-16.635363584129205!2m3!1f0!2f0!3f0!3m2!1i1024!2i768!4f13.1!3m3!1m2!1s0x935ef31a8b100f19%3A0xcc37833d699b2811!2sG-MEDICAL%20COM%C3%89RCIO%20DE%20PRODUTOS%20M%C3%89DICOS%20HOSPITALARES!5e0!3m2!1spt-BR!2sbr!4v1688497939025!5m2!1spt-BR!2sbr\\" width=\\"600\\" height=\\"450\\" style=\\"border:0;\\" allowfullscreen=\\"\\" loading=\\"lazy\\" referrerpolicy=\\"no-referrer-when-downgrade\\"><\\/iframe>","cidade":"Goi\\u00e2nia","estado":"Goi\\u00e1s","cep":"74672-685"}]'),
	(29, 'formularios', 'Formulários', '', '[{"descricao":"Contato WhatsApp","assunto":"Contato WhatsApp","form_name":"whatsapp_modal","template":"<p>Ol&aacute;, %%nome%%!<br \\/>\\nRecebemos seu contato e retornaremos em breve.<\\/p>\\n","emails":[]},{"descricao":"Trabalhe Conosco","assunto":"Trabalhe Conosco","form_name":"trabalhe","template":"<p>Ol&aacute;, %%nome%%!<br \\/>\\nRecebemos seu contato e retornaremos em breve.<\\/p>\\n","emails":[]},{"descricao":"Fale Conosco","assunto":"Fale Conosco","form_name":"fale_conosco","template":"<p>Ol&aacute;, %%nome%%!<br \\/>\\nRecebemos seu contato e retornaremos em breve.<\\/p>\\n","emails":[]},{"descricao":"Seja um Revendedor","assunto":"Seja um revendedor","form_name":"revendedor","template":"<p>Ol&aacute;, %%nome%%!<br \\/>\\nRecebemos seu contato e retornaremos em breve.<\\/p>\\n","emails":[]},{"descricao":"Or\\u00e7amento","assunto":"Or\\u00e7amento","form_name":"orcamento","template":"<p>Ol&aacute;, %%nome%%!<br \\/>\\nRecebemos seu contato e retornaremos em breve.<\\/p>\\n","emails":[]},{"descricao":"Duvidas","assunto":"Duvidas","form_name":"duvidas","template":"<p>Ol&aacute;, %%nome%%!<br \\/>\\nRecebemos seu contato e retornaremos em breve.<\\/p>\\n","emails":[]},{"descricao":"Compra no  Atacado","assunto":"Compra no  Atacado","form_name":"atacado","template":"<p>Ol&aacute;, %%nome%%!<br \\/>\\nRecebemos seu contato e retornaremos em breve.<\\/p>\\n","emails":[]},{"descricao":"Cursos e Treinamentos","assunto":"Cursos e Treinamentos","form_name":"curso","template":"<p>Ol&aacute;, %%nome%%!<br \\/>\\nRecebemos seu contato e retornaremos em breve.<\\/p>\\n","emails":[]}]'),
	(30, 'emails', 'E-mails que receberão os formulários', 'Estes e-mails receberão todos os formulários de contato do site', '["joe@raddar.com.br"]'),
	(31, 'tagHead', 'Tag Manager (Head)', 'Google Tag Manager (Cabeçalho)', '"<!-- Google Tag Manager -->\\n<script>(function(w,d,s,l,i){w[l]=w[l]||[];w[l].push({\'gtm.start\':\\nnew Date().getTime(),event:\'gtm.js\'});var f=d.getElementsByTagName(s)[0],\\nj=d.createElement(s),dl=l!=\'dataLayer\'?\'&l=\'+l:\'\';j.async=true;j.src=\\n\'https:\\/\\/www.googletagmanager.com\\/gtm.js?id=\'+i+dl;f.parentNode.insertBefore(j,f);\\n})(window,document,\'script\',\'dataLayer\',\'GTM-54X3L5S\');<\\/script>\\n<!-- End Google Tag Manager -->"'),
	(33, 'tagBody', 'Tag Manager (Body)', 'Google Tag Manager (Corpo)', '"<!-- Google Tag Manager (noscript) -->\\n<noscript><iframe src=\\"https:\\/\\/www.googletagmanager.com\\/ns.html?id=GTM-54X3L5S\\"\\nheight=\\"0\\" width=\\"0\\" style=\\"display:none;visibility:hidden\\"><\\/iframe><\\/noscript>\\n<!-- End Google Tag Manager (noscript) -->"'),
	(34, 'smtp_host', 'Host', 'Host SMTP de disparo de e-mails', '"smtp.raddar.com.br"'),
	(35, 'smtp_email', 'E-mail', 'E-mail de disparo', '"git@raddar.com.br"'),
	(36, 'smtp_senha', 'Senha', 'Senha do E-mail', '"trocarsenha"'),
	(37, 'smtp_porta', 'Porta', 'Porta do Host, Ex: 587', '"587"'),
	(38, 'smtp_certificado', 'Certificado', 'Selecione o Certificado para uso no disparo', ''),
	(46, 'keywords', 'Keywords', 'Keywords padrão do site, separe as palavras-chave com vírgulas', ''),
	(49, 'smtp_nome', 'Nome', 'Nome de exibição para envio', '"G-Medical"'),
	(52, 'menu', 'Menu', '', '[{"titulo":"P\\u00e1gina Inicial","page":null,"tipo":"editar","icone":"home","filhos":[{"titulo":"Conte\\u00fado","page":60,"tipo":"editar","icone":"edit","filhos":[],"exibir2":"Editar","busca":"p\\u00e1gina","exibir":"P\\u00e1gina Inicial"},{"titulo":"Depoimentos","page":62,"tipo":"listar","icone":"list","filhos":[],"exibir2":"Listar","busca":"depo","exibir":"Depoimentos"}],"exibir2":"Editar"},{"titulo":"Produtos","page":null,"tipo":"editar","icone":"dashboard","filhos":[{"titulo":"Conte\\u00fado","page":127,"tipo":"editar","icone":"edit","filhos":[],"exibir2":"Editar","busca":"prod","exibir":"Produtos"},{"titulo":"Listagem","page":127,"tipo":"listar","icone":"list","filhos":[],"exibir2":"Listar","exibir":"Produtos"},{"titulo":"Marcas","page":669,"tipo":"listar","icone":"category","link":null,"filhos":[],"exibir2":"Listar","exibir":"Marcas Dos Produtos"}],"exibir2":"Editar"},{"titulo":"Parceria com a Pielsana","page":695,"tipo":"editar","icone":"medication","link":null,"filhos":[],"exibir2":"Editar","busca":"Parceria com a Pielsana","exibir":"Parceria com a Pielsana"},{"titulo":"Cursos e Treinamentos","page":659,"tipo":"editar","icone":"work","link":null,"filhos":[{"titulo":"Conteudo","page":659,"tipo":"editar","icone":"edit","link":null,"filhos":[],"exibir2":"Editar","exibir":"Cursos e treinamentos"},{"titulo":"Listagem","page":659,"tipo":"listar","icone":"list","link":null,"filhos":[],"exibir2":"Listar","exibir":"Cursos e treinamentos"}],"exibir2":"Editar","busca":"curs","exibir":"Cursos e treinamentos"},{"titulo":"D\\u00favidas","page":null,"tipo":"editar","icone":"help","filhos":[{"titulo":"Conte\\u00fado","page":119,"tipo":"editar","icone":"edit","filhos":[],"exibir2":"Editar","busca":"d\\u00favi","exibir":"D\\u00favidas"},{"titulo":"Listagem","page":119,"tipo":"listar","icone":"list","filhos":[],"exibir2":"Listar","exibir":"D\\u00favidas"}],"exibir2":"Editar"},{"titulo":"Blog","page":null,"tipo":"editar","icone":"rss_feed","filhos":[{"titulo":"Blog","page":30,"tipo":"editar","icone":"edit","filhos":[],"exibir2":"Editar","busca":"blog","exibir":"Blog"},{"titulo":"Listagem","page":30,"tipo":"listar","icone":"list","filhos":[],"exibir2":"Listar","exibir":"Blog"},{"titulo":"Categorias","page":26,"tipo":"listar","icone":"category","filhos":[],"exibir2":"Listar","exibir":"Blog Categorias"}],"exibir2":"Editar"},{"titulo":"G Medical","page":109,"tipo":"editar","icone":"info","filhos":[],"exibir2":"Editar","busca":"g","exibir":"A G-medical"},{"titulo":"Or\\u00e7amento","page":650,"tipo":"editar","icone":"payments","link":null,"filhos":[],"exibir2":"Editar","busca":"orca","exibir":"Or\\u00e7amento"},{"titulo":"Fale Conosco","page":74,"tipo":"editar","icone":"call","filhos":[],"exibir2":"Editar","busca":"fa","exibir":"Fale Conosco"},{"titulo":"Trabalhe Conosco","page":null,"tipo":"editar","icone":"group","link":null,"filhos":[{"titulo":"Conteudo","page":680,"tipo":"editar","icone":"edit","link":null,"filhos":[],"exibir2":"Editar","exibir":"Trabalhe Conosco"},{"titulo":"Vagas","page":680,"tipo":"listar","icone":"list","link":null,"filhos":[],"exibir2":"Listar","busca":"traba","exibir":"Trabalhe Conosco"}],"exibir2":"Editar"},{"titulo":"Seja Um Revendedor","page":650,"tipo":"editar","icone":"group","filhos":[{"titulo":"Conteudo","page":681,"tipo":"editar","icone":"edit","link":null,"filhos":[],"exibir2":"Editar","exibir":"Seja um Revendedor"},{"titulo":"Regioes","page":681,"tipo":"listar","icone":"list","link":null,"filhos":[],"exibir2":"Listar","busca":"seja","exibir":"Seja um Revendedor"}],"exibir2":"Editar","busca":"se","exibir":"Seja um revendedor"},{"titulo":"Pol\\u00edtica de Privacidade","page":51,"tipo":"editar","icone":"gavel","filhos":[],"exibir2":"Editar","busca":"pol","exibir":"Pol\\u00edtica de Privacidade"},{"titulo":"Termos de Uso","page":52,"tipo":"editar","icone":"gavel","filhos":[],"exibir2":"Editar","busca":"termos","exibir":"Termos de Uso"}]'),
	(53, 'smtp_usuario', 'Usuário', 'Usuário do Servidor SMTP', '"git@raddar.com.br"'),
	(54, 'emails_raddar', 'E-mails Raddar', 'Estes e-mails receberão cópias dos formulários de contato do site (sem confirmação de leitura)', ''),
	(55, 'cor_email', 'Cor E-mail', 'Cor de destaque do e-mail', '"#274580"'),
	(56, 'crm', 'Habilitar CRM', 'Essa função ativa o módulo de CRM no site', ''),
	(57, 'emails_rodizio', 'E-mails que receberão os formulários em rodízio', 'Estes e-mails receberão todos os formulários do site em rodízio', ''),
	(58, 'emails_rodizio_registro', 'E-mails que já receberam no ciclo do rodízio', 'Estes e-mails já receberam e-mails no ciclo do rodízio', '[]'),
	(59, 'rd_habilitar', 'Habilitar CRM RD Station', 'Essa função ativa a integração com o CRM RD Station', ''),
	(60, 'rd_empresa_telefone', 'Campo Empresa Telefone', 'ID do campo Empresa Telefone', ''),
	(61, 'rd_empresa_email', 'Campo Empresa E-mail', 'ID do campo Empresa E-mail', ''),
	(62, 'rd_oportunidade_mensagem', 'Campo Oportunidade Mensagem', 'ID do campo Oportunidade Mensagem', ''),
	(63, 'rd_oportunidade_formulario', 'Campo Oportunidade Formulário', 'ID do campo Oportunidade Formulário', ''),
	(64, 'rd_oportunidade_email', 'Campo Oportunidade Telefone', 'Campo Oportunidade E-mail', ''),
	(65, 'rd_oportunidade_email', 'Campo Oportunidade Telefone', 'Campo Oportunidade E-mail', ''),
	(66, 'rd_fonte_oportunidade', 'Fonte Oportunidade', 'ID da fonte de oportunidades vindas da integração', ''),
	(67, 'crm_token', 'Token', 'Token de integração', ''),
	(68, 'rd_reabrir', 'Reabrir Oportunidades', 'Reabrir oportunidades fechadas ao receber novas interações do mesmo contato', ''),
	(69, 'crm_token', 'Token', 'Token de integração', ''),
	(70, 'nectar_habilitar', 'Habilitar CRM Nectar', 'Essa função ativa a integração com o CRM Nectar', ''),
	(71, 'nectar_token', 'Token', 'Token de integração com o CRM Nectar', ''),
	(72, 'nectar_campos_oportunidade', 'Campos Personalizados - Oportunidade', 'Use o campo "valor" para definir o valor padrão caso esteja vazio vindo do formulário', ''),
	(73, 'nectar_campos_contato', 'Campos Personalizados - Contato', 'Use o campo "valor" para definir o valor padrão caso esteja vazio vindo do formulário', '');

-- Copiando estrutura para tabela g-medical.app_conteudo
CREATE TABLE IF NOT EXISTS `app_conteudo` (
  `id` int NOT NULL AUTO_INCREMENT,
  `pai_id` int DEFAULT NULL,
  `status` tinyint DEFAULT NULL,
  `conf_pagina` tinyint DEFAULT NULL,
  `conf_internas` tinyint DEFAULT NULL,
  `conf_bloquear` tinyint DEFAULT NULL,
  `conf_nao_excluir` tinyint DEFAULT NULL,
  `filho_pagina` tinyint DEFAULT NULL,
  `filho_internas` tinyint DEFAULT NULL,
  `filho_nao_excluir` tinyint DEFAULT NULL,
  `updated_at` datetime DEFAULT NULL,
  `created_at` datetime DEFAULT NULL,
  `ordem` int DEFAULT '999',
  PRIMARY KEY (`id`)
) ENGINE=InnoDB AUTO_INCREMENT=704 DEFAULT CHARSET=latin1;

-- Copiando dados para a tabela g-medical.app_conteudo: ~59 rows (aproximadamente)
INSERT IGNORE INTO `app_conteudo` (`id`, `pai_id`, `status`, `conf_pagina`, `conf_internas`, `conf_bloquear`, `conf_nao_excluir`, `filho_pagina`, `filho_internas`, `filho_nao_excluir`, `updated_at`, `created_at`, `ordem`) VALUES
	(26, NULL, 1, 1, 1, 1, 1, 1, 0, 0, '2023-07-15 20:25:34', '2021-04-01 15:45:35', 10),
	(30, NULL, 1, 1, 1, 0, 1, 1, 0, 0, '2023-07-15 20:25:34', '2021-04-01 15:50:23', 9),
	(51, NULL, 1, 1, 0, 1, 1, 0, 0, 0, '2023-07-15 20:25:34', '2021-04-07 11:29:35', 15),
	(52, NULL, 1, 1, 0, 1, 1, 0, 0, 0, '2023-07-15 20:25:34', '2021-04-07 11:30:03', 16),
	(60, NULL, 1, 0, 0, 1, 1, 0, 0, 0, '2023-07-15 20:25:33', '2021-04-27 08:31:15', 0),
	(62, NULL, 1, 0, 1, 1, 1, 0, 0, 0, '2023-07-15 20:25:33', '2021-04-27 11:12:23', 7),
	(74, NULL, 1, 1, 0, 0, 0, 0, 0, 0, '2023-07-15 20:25:34', '2021-04-28 10:39:31', 13),
	(103, 26, 1, 1, 0, 0, 0, 0, 0, 0, '2021-08-19 09:41:58', '2021-06-21 17:03:15', 999),
	(106, 30, 1, 1, 0, 0, 0, 0, 0, 0, '2021-09-29 15:51:01', '2021-06-21 17:15:59', 999),
	(109, NULL, 1, 1, 0, 0, 0, 0, 0, 0, '2023-07-15 20:25:33', '2021-06-22 17:11:33', 1),
	(119, NULL, 1, 1, 1, 0, 0, 0, 0, 0, '2023-07-15 20:25:33', '2021-09-21 16:32:44', 8),
	(127, NULL, 1, 1, 1, 0, 0, 1, 0, 0, '2023-07-15 20:25:33', '2021-09-24 14:38:08', 2),
	(131, 30, 1, 1, 0, 0, 0, 0, 0, 0, '2023-01-19 09:29:40', '2021-09-29 10:43:18', 999),
	(153, 62, 1, 0, 0, 0, 0, 0, 0, 0, '2022-08-08 10:24:52', '2022-07-11 14:49:24', 999),
	(154, 62, 1, 0, 0, 0, 0, 0, 0, 0, '2022-08-08 10:25:30', '2022-07-11 14:49:29', 999),
	(155, 62, 1, 0, 0, 0, 0, 0, 0, 0, '2022-08-08 10:24:16', '2022-07-11 14:49:38', 999),
	(160, 62, 1, 0, 0, 0, 0, 0, 0, 0, '2022-08-08 10:25:39', '2022-08-08 10:25:39', 999),
	(162, 26, 1, 1, 0, 0, 0, 0, 0, 0, '2022-09-19 15:26:48', '2022-08-08 16:13:11', 999),
	(189, 119, 1, 0, 0, 0, 0, 0, 0, 0, '2022-08-19 17:37:49', '2022-08-19 16:42:51', 999),
	(194, 119, 1, 0, 0, 0, 0, 0, 0, 0, '2022-09-20 10:27:03', '2022-08-19 17:36:42', 999),
	(357, 119, 1, 0, 0, 0, 0, 0, 0, 0, '2022-01-20 15:37:31', '2022-01-20 15:36:44', 999),
	(376, 372, 1, 0, 0, 0, 0, 0, 0, 0, '2022-05-25 01:49:21', '2022-05-25 01:46:34', 999),
	(380, 379, 1, 0, 0, 0, 0, 0, 0, 0, '2022-05-25 01:58:17', '2022-05-25 01:58:17', 999),
	(382, 381, 1, 0, 0, 0, 0, 0, 0, 0, '2022-05-25 01:59:46', '2022-05-25 01:59:46', 999),
	(384, 383, 1, 0, 0, 0, 0, 0, 0, 0, '2022-05-25 02:00:34', '2022-05-25 02:00:34', 999),
	(408, 407, 1, 0, 0, 0, 0, 0, 0, 0, '2022-07-05 02:45:59', '2022-07-05 02:45:59', 999),
	(410, 409, 1, 0, 0, 0, 0, 0, 0, 0, '2022-07-05 02:47:10', '2022-07-05 02:47:10', 999),
	(412, 411, 1, 0, 0, 0, 0, 0, 0, 0, '2022-07-05 02:47:53', '2022-07-05 02:47:53', 999),
	(490, 119, 1, 0, 0, 0, 0, 0, 0, 0, '2022-12-22 15:21:12', '2022-07-21 11:08:22', 999),
	(644, 30, 1, 1, 0, 0, 0, 0, 0, 0, '2022-12-06 11:09:45', '2022-12-06 11:09:45', 999),
	(649, 30, 1, 1, 0, 0, 0, 0, 0, 0, '2022-12-06 11:10:12', '2022-12-06 11:10:12', 999),
	(650, NULL, 1, 1, 0, 0, 0, 0, 0, 0, '2023-07-16 09:09:55', '2022-12-07 13:42:52', 11),
	(653, 127, 1, 1, 0, 0, 0, 0, 0, 0, '2023-01-23 15:06:57', '2023-01-23 14:49:04', 999),
	(654, 127, 1, 1, 0, 0, 0, 0, 0, 0, '2023-01-23 15:07:31', '2023-01-23 14:49:17', 999),
	(659, NULL, 1, 1, 1, 0, 0, 1, 0, 0, '2023-07-15 20:25:33', '2023-01-24 10:03:49', 6),
	(668, 26, 1, 1, 0, 0, 0, 0, 0, 0, '2023-07-15 14:41:54', '2023-03-09 14:34:17', 999),
	(669, NULL, 1, 1, 1, 1, 0, 1, 0, 0, '2023-07-15 20:25:33', '2023-03-13 12:21:00', 3),
	(670, 669, 1, 1, 0, 0, 0, 0, 0, 0, '2023-07-15 15:15:56', '2023-03-13 12:21:31', 999),
	(671, 669, 1, 1, 0, 0, 0, 0, 0, 0, '2023-07-15 15:16:03', '2023-03-13 12:22:09', 999),
	(672, 669, 1, 1, 0, 0, 0, 0, 0, 0, '2023-07-15 15:16:09', '2023-03-13 12:22:24', 999),
	(678, NULL, 1, 1, 0, 0, 0, 0, 0, 0, '2023-07-15 20:25:33', '2023-03-15 09:10:12', 5),
	(680, NULL, 1, 1, 1, 0, 0, 0, 0, 0, '2023-07-15 20:25:34', '2023-07-07 09:42:01', 14),
	(681, NULL, 1, 1, 1, 0, 0, 0, 0, 0, '2023-07-15 20:25:34', '2023-07-10 16:30:05', 12),
	(682, 680, 1, 0, 0, NULL, 0, NULL, NULL, NULL, '2023-07-12 11:17:29', '2023-07-12 11:17:29', 999),
	(683, 680, 1, 0, 0, NULL, 0, NULL, NULL, NULL, '2023-07-12 11:17:37', '2023-07-12 11:17:37', 999),
	(684, 680, 1, 0, 0, NULL, 0, NULL, NULL, NULL, '2023-07-12 11:17:40', '2023-07-12 11:17:40', 999),
	(685, 681, 1, 0, 0, 0, 0, 0, 0, 0, '2023-07-15 14:44:24', '2023-07-12 18:43:14', 999),
	(686, 681, 1, 0, 0, 0, 0, 0, 0, 0, '2023-07-15 14:44:30', '2023-07-12 18:43:22', 999),
	(687, 650, 1, 0, 0, NULL, 0, NULL, NULL, NULL, '2023-07-12 18:51:52', '2023-07-12 18:51:52', 999),
	(688, 650, 1, 0, 0, NULL, 0, NULL, NULL, NULL, '2023-07-12 18:52:00', '2023-07-12 18:52:00', 999),
	(689, 659, 1, 1, 0, 0, 0, 0, 0, 0, '2023-07-15 12:23:48', '2023-07-12 22:57:56', 999),
	(690, 659, 1, 1, 0, 0, 0, 0, 0, 0, '2023-07-15 12:23:55', '2023-07-12 22:58:11', 999),
	(691, 659, 1, 1, 0, 0, 0, 0, 0, 0, '2023-07-15 12:24:00', '2023-07-12 22:58:28', 999),
	(692, 659, 1, 1, 0, 0, 0, 0, 0, 0, '2023-07-15 12:24:05', '2023-07-12 22:58:38', 999),
	(694, 30, 1, 1, 0, 0, 0, 0, 0, 0, '2023-07-13 00:15:11', '2023-07-13 00:15:11', 999),
	(695, NULL, 1, 1, 0, 0, 0, 0, 0, 0, '2023-07-15 20:25:33', '2023-07-15 14:17:41', 4),
	(696, 127, 1, 1, 0, 0, 0, 0, 0, 0, '2023-07-15 16:32:31', '2023-07-15 16:32:31', 999),
	(697, 127, 1, 1, 0, 0, 0, 0, 0, 0, '2023-07-15 16:32:41', '2023-07-15 16:32:41', 999),
	(698, 127, 1, 1, 0, 0, 0, 0, 0, 0, '2023-07-15 16:32:47', '2023-07-15 16:32:47', 999),
	(699, 127, 1, 1, 0, 0, 0, 0, 0, 0, '2023-07-15 16:58:29', '2023-07-15 16:58:29', 999),
	(700, 127, 1, 1, 0, 0, 0, 0, 0, 0, '2023-07-15 16:58:34', '2023-07-15 16:58:34', 999),
	(701, 127, 1, 1, 0, 0, 0, 0, 0, 0, '2023-07-15 16:58:37', '2023-07-15 16:58:37', 999),
	(702, 127, 1, 1, 0, 0, 0, 0, 0, 0, '2023-07-15 16:59:46', '2023-07-15 16:59:46', 999),
	(703, 669, 1, 1, 0, NULL, 0, NULL, NULL, NULL, '2023-07-15 19:36:13', '2023-07-15 19:36:13', 999);

-- Copiando estrutura para tabela g-medical.app_conteudo_campos
CREATE TABLE IF NOT EXISTS `app_conteudo_campos` (
  `id` int NOT NULL AUTO_INCREMENT,
  `conteudo_id` int DEFAULT NULL,
  `filho` int DEFAULT NULL,
  `type` varchar(50) DEFAULT NULL,
  `rel` int DEFAULT NULL,
  `options` text,
  `label` varchar(250) DEFAULT NULL,
  `name` varchar(250) DEFAULT NULL,
  `seo` varchar(50) DEFAULT NULL,
  `default_value` text,
  `instruction` text,
  `ordem` int DEFAULT NULL,
  `status` int DEFAULT NULL,
  PRIMARY KEY (`id`)
) ENGINE=InnoDB AUTO_INCREMENT=1529 DEFAULT CHARSET=latin1;

-- Copiando dados para a tabela g-medical.app_conteudo_campos: ~91 rows (aproximadamente)
INSERT IGNORE INTO `app_conteudo_campos` (`id`, `conteudo_id`, `filho`, `type`, `rel`, `options`, `label`, `name`, `seo`, `default_value`, `instruction`, `ordem`, `status`) VALUES
	(60, 30, 1, 'image', NULL, '', 'Imagem', 'imagem', 'image', '', '', 1, 1),
	(61, 30, 1, 'editor', NULL, '', 'Texto', 'texto', NULL, '', '', 5, 1),
	(62, 30, 1, 'textarea', NULL, '', 'Resumo', 'resumo', 'description', '', '', 2, 1),
	(86, 30, 1, 'relationship', 26, '', 'Categoria', 'categoria', NULL, '', '', 0, 1),
	(90, 52, NULL, 'editor', NULL, '', 'Texto', 'text', NULL, '', '', 1, 1),
	(124, 62, 1, 'textarea', NULL, '', 'Depoimento', 'depoimento', 'description', '', '', 0, 1),
	(492, 119, 1, 'textarea', NULL, '', 'Resposta', 'resposta', NULL, '', '', 0, 1),
	(493, 119, 1, 'relationship', 120, '', 'Categoria', 'categoria', NULL, '', '', 1, 1),
	(630, 109, NULL, 'image', NULL, '', 'Banner', 'banner', 'description', '', '', 0, 1),
	(750, 60, NULL, 'repeaterPersonalizado', NULL, '[{"label":"Banner Desktop","type":"image","name":"banner-desktop","typeLabel":"Imagem"},{"label":"Texto","type":"editor","name":"text","typeLabel":"Editor de Texto"},{"label":"Texto Botao","type":"text","name":"text-button","typeLabel":"Texto"},{"label":"Banner Mobile","type":"image","name":"banner-mobile","typeLabel":"Imagem"}]', 'Banner', 'banner-home', NULL, '', 'Banners Desktops e Banners Mobiles', 1, 1),
	(1002, 60, NULL, 'separator', NULL, '', 'Banners', 'banners', NULL, '', '', 0, 1),
	(1098, 60, NULL, 'separator', NULL, '', '---------------------------', '', NULL, '', '', 2, 1),
	(1223, 30, 1, 'separator', NULL, '', 'Interna', '', NULL, '', '', 3, 1),
	(1224, 30, 1, 'image', NULL, '', 'Imagem Interna', 'imagem-interna', NULL, '', '', 4, 1),
	(1226, 109, NULL, 'editor', NULL, '', 'Texto', 'banner-text', NULL, '', '', 1, 1),
	(1232, 650, NULL, 'editor', NULL, '', 'Texto', 'banner-text', NULL, '', '', 1, 1),
	(1243, 52, NULL, 'separator', NULL, '', 'Geral', '', NULL, '', '', 0, 1),
	(1249, 74, NULL, 'editor', NULL, '', 'Texto', 'banner-text', NULL, '', '', 1, 1),
	(1250, 74, NULL, 'image', NULL, '', 'Banner', 'banner', NULL, '', '', 0, 1),
	(1258, 51, NULL, 'separator', NULL, '', 'Geral', '', NULL, '', '', 0, 1),
	(1263, 51, NULL, 'editor', NULL, '', 'Texto', 'text', NULL, '', '', 1, 1),
	(1376, 650, NULL, 'image', NULL, '', 'Banner', 'banner', NULL, '', '', 0, 1),
	(1432, 109, NULL, 'separator', NULL, '', 'Missão, Visão e Valores', '', NULL, '', '', 5, 1),
	(1433, 109, NULL, 'text', NULL, '', 'Título', 'goals-title', NULL, '', '', 6, 1),
	(1434, 109, NULL, 'repeaterPersonalizado', NULL, '[{"label":"\\u00cdcone","type":"image","name":"icon","typeLabel":"Imagem"},{"label":"T\\u00edtulo","type":"text","name":"title","typeLabel":"Texto"},{"label":"Descro\\u00e7\\u00e3o","type":"textarea","name":"description","typeLabel":"\\u00c1rea de Texto"}]', 'Cards', 'goals-cards', NULL, '', '', 7, 1),
	(1445, 680, NULL, 'image', NULL, '', 'Banner', 'banner', NULL, '', '', 0, 1),
	(1446, 680, NULL, 'editor', NULL, '', 'Texto - Banner', 'banner-text', NULL, '', '', 1, 1),
	(1447, 681, NULL, 'image', NULL, '', 'Banner', 'banner', NULL, '', '', 0, 1),
	(1448, 681, NULL, 'editor', NULL, '', 'Texto', 'banner-text', NULL, '', '', 1, 1),
	(1449, 680, NULL, 'separator', NULL, '', 'Oportunidades', '', NULL, '', '', 2, 1),
	(1450, 680, NULL, 'editor', NULL, '', 'Texto', 'oport-text', NULL, '', '', 3, 1),
	(1451, 680, NULL, 'separator', NULL, '', 'Nossa missão', '', NULL, '', '', 4, 1),
	(1452, 680, NULL, 'textarea', NULL, '', 'Frase', 'our-phrase', NULL, '', '', 5, 1),
	(1453, 680, NULL, 'separator', NULL, '', 'Aqui estão algumas das áreas de atuação em destaque:', '', NULL, '', '', 6, 1),
	(1454, 680, NULL, 'repeaterPersonalizado', NULL, '[{"label":"Background","type":"image","name":"background","typeLabel":"Imagem"},{"label":"Titulo","type":"text","name":"title","typeLabel":"Texto"}]', 'Cards', 'card-work', NULL, '', '', 7, 1),
	(1455, 680, NULL, 'separator', NULL, '', 'Benefícios e vantagens', '', NULL, '', '', 8, 1),
	(1456, 680, NULL, 'tags', NULL, '', 'Lista', 'benefits-list', NULL, '', '', 9, 1),
	(1457, 74, NULL, 'separator', NULL, '', 'Suporte / Central', '', NULL, '', '', 2, 1),
	(1458, 74, NULL, 'editor', NULL, '', 'Texto', 'support-text', NULL, '', '', 3, 1),
	(1459, 109, NULL, 'separator', NULL, '', 'Seja bem-vindo à G-Medical!', '', NULL, '', '', 2, 1),
	(1460, 109, NULL, 'image', NULL, '', 'Imagem', 'welcome-image', NULL, '', '', 3, 1),
	(1461, 109, NULL, 'editor', NULL, '', 'Texto', 'welcome-text', NULL, '', '', 4, 1),
	(1462, 109, NULL, 'repeaterPersonalizado', NULL, '[{"label":"Imagem","type":"image","name":"image","typeLabel":"Imagem"},{"label":"Titulo","type":"text","name":"title","typeLabel":"Texto"},{"label":"Texto","type":"textarea","name":"text","typeLabel":"\\u00c1rea de Texto"}]', 'Card Extra', 'card-extra', NULL, '', '', 8, 1),
	(1463, 109, NULL, 'separator', NULL, '', 'Conheça nosso espaço', '', NULL, '', '', 9, 1),
	(1464, 109, NULL, 'gallery', NULL, '', 'Galeria', 'space-gallery', NULL, '', '', 10, 1),
	(1465, 109, NULL, 'separator', NULL, '', 'Conheça a G-Medical', '', NULL, '', '', 11, 1),
	(1466, 109, NULL, 'editor', NULL, '', 'Texto', 'know-text', NULL, '', '', 12, 1),
	(1467, 109, NULL, 'gallery', NULL, '', 'Galeria', 'know-gallery', NULL, '', '', 13, 1),
	(1468, 659, NULL, 'image', NULL, '', 'Banner', 'banner', NULL, '', '', 0, 1),
	(1469, 659, NULL, 'editor', NULL, '', 'Texto', 'banner-text', NULL, '', '', 1, 1),
	(1470, 659, 1, 'image', NULL, '', 'Icone', 'icon', NULL, '', '', 0, 1),
	(1471, 659, 1, 'text', NULL, '', 'Texto', 'text', NULL, '', '', 1, 1),
	(1472, 30, NULL, 'image', NULL, '', 'Banner', 'banner', NULL, '', '', 0, 1),
	(1473, 30, NULL, 'editor', NULL, '', 'Text', 'banner-text', NULL, '', '', 1, 1),
	(1474, 60, NULL, 'separator', NULL, '', 'Nosso objetivo é', '', NULL, '', '', 3, 1),
	(1475, 60, NULL, 'text', NULL, '', 'Frase', 'objective-phrase', NULL, '', '', 4, 1),
	(1476, 60, NULL, 'separator', NULL, '', 'O que oferecemos', '', NULL, '', '', 5, 1),
	(1477, 60, NULL, 'text', NULL, '', 'Titulo', 'offer-title', NULL, '', '', 6, 1),
	(1478, 60, NULL, 'repeaterPersonalizado', NULL, '[{"label":"Icone","type":"image","name":"icon","typeLabel":"Imagem"},{"label":"Titulo","type":"text","name":"title","typeLabel":"Texto"},{"label":"Texto","type":"textarea","name":"text","typeLabel":"\\u00c1rea de Texto"}]', 'Cards', 'offer-card', NULL, '', '', 7, 1),
	(1479, 60, NULL, 'separator', NULL, '', 'Por que escolher', '', NULL, '', '', 8, 1),
	(1480, 60, NULL, 'text', NULL, '', 'Titulo', 'choose-title', NULL, '', '', 9, 1),
	(1481, 60, NULL, 'repeaterPersonalizado', NULL, '[{"label":"Icone","type":"image","name":"icon","typeLabel":"Imagem"},{"label":"Titulo","type":"text","name":"title","typeLabel":"Texto"},{"label":"Texto","type":"textarea","name":"text","typeLabel":"\\u00c1rea de Texto"}]', 'Cards', 'choose-card', NULL, '', '', 10, 1),
	(1482, 60, NULL, 'separator', NULL, '', 'Faça um orçamento', '', NULL, '', '', 11, 1),
	(1483, 60, NULL, 'text', NULL, '', 'Titulo', 'budget-title', NULL, '', '', 12, 1),
	(1484, 60, NULL, 'textarea', NULL, '', 'Frase', 'budget-phrase', NULL, '', '', 13, 1),
	(1485, 60, NULL, 'separator', NULL, '', 'Conheça alguns de nossos Clientes', '', NULL, '', '', 24, 1),
	(1486, 60, NULL, 'text', NULL, '', 'Titulo', 'know-title', NULL, '', '', 25, 1),
	(1487, 60, NULL, 'gallery', NULL, '', 'Galeria', 'know-gallery', NULL, '', '', 26, 1),
	(1488, 60, NULL, 'separator', NULL, '', 'Dúvidas gerais', '', NULL, '', '', 27, 1),
	(1489, 60, NULL, 'editor', NULL, '', 'Texto', 'doubt-text', NULL, '', '', 28, 1),
	(1490, 62, 1, 'image', NULL, '', 'Imagem', 'image', NULL, '', '', 1, 1),
	(1491, 60, NULL, 'separator', NULL, '', 'Somos representantes', '', NULL, '', '', 14, 1),
	(1492, 60, NULL, 'text', NULL, '', 'Titulo', 'repre-title', NULL, '', '', 15, 1),
	(1493, 60, NULL, 'text', NULL, '', 'Frase', 'repre-phrase', NULL, '', '', 16, 1),
	(1494, 60, NULL, 'tags', NULL, '', 'Lista', 'repre-list', NULL, '', '', 17, 1),
	(1495, 60, NULL, 'separator', NULL, '', 'Compromisso com profissionais', '', NULL, '', '', 18, 1),
	(1496, 60, NULL, 'editor', NULL, '', 'Texto', 'compr-text', NULL, '', '', 19, 1),
	(1497, 60, NULL, 'separator', NULL, '', 'Clientes que confiam', '', NULL, '', '', 20, 1),
	(1498, 60, NULL, 'editor', NULL, '', 'Texto', 'clients-text', NULL, '', '', 21, 1),
	(1499, 60, NULL, 'separator', NULL, '', 'Seja bem vindo', '', NULL, '', '', 22, 1),
	(1500, 60, NULL, 'editor', NULL, '', 'Texto', 'welcome-text', NULL, '', '', 23, 1),
	(1501, 659, NULL, 'separator', NULL, '', 'Nossos cursos', '', NULL, '', '', 2, 1),
	(1502, 659, NULL, 'editor', NULL, '', 'Text', 'our-text', NULL, '', '', 3, 1),
	(1503, 659, NULL, 'separator', NULL, '', 'Benefícios de Participar', '', NULL, '', '', 4, 1),
	(1504, 659, NULL, 'editor', NULL, '', 'Texto', 'benefits-text', NULL, '', '', 5, 1),
	(1505, 659, NULL, 'repeaterPersonalizado', NULL, '[{"label":"Imagem","type":"image","name":"image","typeLabel":"Imagem"},{"label":"Nome","type":"text","name":"name","typeLabel":"Texto"},{"label":"Texto","type":"textarea","name":"text","typeLabel":"\\u00c1rea de Texto"}]', 'Cards', 'benefit-card', NULL, '', '', 6, 1),
	(1506, 695, NULL, 'image', NULL, '', 'Banner', 'banner', NULL, '', '', 0, 1),
	(1507, 695, NULL, 'editor', NULL, '', 'Texto', 'banner-text', NULL, '', '', 1, 1),
	(1508, 127, NULL, 'image', NULL, '', 'Banner', 'banner', NULL, '', '', 0, 1),
	(1509, 127, NULL, 'editor', NULL, '', 'Texto', 'banner-text', NULL, '', '', 1, 1),
	(1510, 127, 1, 'relationship', 669, '', 'Categoria', 'category', NULL, '', '', 0, 1),
	(1511, 127, 1, 'truefalse', NULL, '', 'Destaque / Pielsana', 'highlight', NULL, '', '', 1, 1),
	(1512, 127, 1, 'image', NULL, '', 'Imagem', 'image', NULL, '', '', 2, 1),
	(1513, 127, 1, 'gallery', NULL, '', 'Galeria', 'gallery', NULL, '', '', 3, 1),
	(1514, 127, 1, 'textarea', NULL, '', 'Resum', 'resum', NULL, '', '', 4, 1),
	(1515, 669, 1, 'image', NULL, '', 'Icones', 'icon', NULL, '', '', 0, 1),
	(1516, 127, 1, 'text', NULL, '', 'Tamanho', 'size', NULL, '', '', 5, 1),
	(1517, 127, 1, 'text', NULL, '', 'Quantidade', 'quant', NULL, '', '', 6, 1),
	(1518, 695, NULL, 'separator', NULL, '', 'Revenda produtos Pielsana em seu estabelecimento', '', NULL, '', '', 7, 1),
	(1519, 695, NULL, 'editor', NULL, '', 'Texto', 'sell-text', NULL, '', '', 9, 1),
	(1520, 695, NULL, 'text', NULL, '', 'Titulo', 'sell-title', NULL, '', '', 8, 1),
	(1521, 695, NULL, 'separator', NULL, '', 'Benefícios da Parceria', '', NULL, '', '', 4, 1),
	(1522, 695, NULL, 'text', NULL, '', 'Titulo', 'benefit-title', NULL, '', '', 5, 1),
	(1523, 695, NULL, 'repeaterPersonalizado', NULL, '[{"label":"Icone","type":"image","name":"icon","typeLabel":"Imagem"},{"label":"Titulo","type":"text","name":"title","typeLabel":"Texto"},{"label":"Texto","type":"textarea","name":"text","typeLabel":"\\u00c1rea de Texto"}]', 'Cards', 'benefit-card', NULL, '', '', 6, 1),
	(1524, 695, NULL, 'separator', NULL, '', 'Somos representantes oficiais em Goiás e no Distrito Federal', '', NULL, '', '', 2, 1),
	(1525, 695, NULL, 'editor', NULL, '', 'Texto', 'piel-text', NULL, '', '', 3, 1),
	(1526, 119, NULL, 'image', NULL, '', 'Banner', 'banner', NULL, '', '', 0, 1),
	(1527, 119, NULL, 'editor', NULL, '', 'Texto', 'banner-text', NULL, '', '', 1, 1),
	(1528, 127, 1, 'textarea', NULL, '', 'Instruções de Uso', 'inst', NULL, '', '', 7, 1);

-- Copiando estrutura para tabela g-medical.app_conteudo_idioma
CREATE TABLE IF NOT EXISTS `app_conteudo_idioma` (
  `id` int NOT NULL AUTO_INCREMENT,
  `conteudo_id` int DEFAULT NULL,
  `titulo` varchar(250) DEFAULT NULL,
  `uri` varchar(250) DEFAULT NULL,
  `idioma_id` int DEFAULT NULL,
  `seo_description_manual` tinyint DEFAULT NULL,
  `seo_description` varchar(250) DEFAULT NULL,
  `seo_image_manual` tinyint DEFAULT NULL,
  `seo_image` varchar(250) DEFAULT NULL,
  `seo_keywords` text,
  PRIMARY KEY (`id`)
) ENGINE=InnoDB AUTO_INCREMENT=704 DEFAULT CHARSET=latin1;

-- Copiando dados para a tabela g-medical.app_conteudo_idioma: ~59 rows (aproximadamente)
INSERT IGNORE INTO `app_conteudo_idioma` (`id`, `conteudo_id`, `titulo`, `uri`, `idioma_id`, `seo_description_manual`, `seo_description`, `seo_image_manual`, `seo_image`, `seo_keywords`) VALUES
	(26, 26, 'Categorias / Blog', 'blog-categorias', 1, 0, '', 0, '', ''),
	(30, 30, 'Blog', 'blog', 1, 0, ' Blog ', 0, '', ''),
	(51, 51, 'Política de Privacidade', 'politica-de-privacidade', 1, 0, '', 0, '', ''),
	(52, 52, 'Termos de Uso', 'termos-de-uso', 1, 0, '', 0, '', ''),
	(60, 60, 'Página Inicial', 'pagina-inicial', 1, 0, '', 0, '', ''),
	(62, 62, 'Depoimentos', 'depoimentos', 1, 0, '', 0, '', ''),
	(74, 74, 'Fale Conosco', 'fale-conosco', 1, 0, ' Fale Conosco ', 0, '', ''),
	(103, 103, 'EQUIPAMENTOS', 'equipamentos', 1, 0, '', 0, '', ''),
	(106, 106, 'Tratamento de Escaras: Prevenção e Cuidados Essenciais para a Saúde', 'tratamento-de-escaras-prevencao-e-cuidados-essenciais-para-a-saude', 1, 0, 'Em primeiro lugar, precisamos esclarecer que, embora pareçam iguais, os conceitos de Agricultura de Precisão e de...', 0, 'c1_2.png', ''),
	(109, 109, 'A G-medical', 'a-g-medical', 1, 0, '', 0, '', ''),
	(119, 119, 'Dúvidas', 'duvidas', 1, 0, ' Dúvidas ', 0, '', ''),
	(127, 127, 'Produtos', 'produtos', 1, 0, ' Produtos Somos movidos pelo desafio de fornecer produtos de alta qualidade com competência, ética e respeito. ', 0, '', ''),
	(131, 131, 'Qual a importância dos equipamentos médicos hospitalares para a realização de exames e diagnósticos?', 'qual-a-importancia-dos-equipamentos-medicos-hospitalares-para-a-realizacao-de-exames-e-diagnosticos-', 1, 0, 'Para os fazendeiros e trabalhadores rurais, suas caminhonetes são ferramentas de trabalho essenciais, e mantê-las em boas condições é fundamental para garantir a eficiência e a segurança no trabalho na fazenda. Aqui estão algumas dicas importantes pa', 0, 'c2_2.png', ''),
	(153, 153, 'Maria Oliveira, Enfermeira Chefe', 'b-a', 1, 0, 'A parceria com a G-Medical tem sido fundamental para o sucesso de nossos tratamentos de feridas. Seus produtos de curativos são de altíssima qualidade', 0, '', ''),
	(154, 154, 'João Santos', 'l-m', 1, 0, 'Trabalhar com a G-Medical tem sido uma experiência excepcional. Além de oferecerem uma ampla variedade de produtos médico-hospitalares, eles sempre atendem nossas demandas com rapidez', 0, '', ''),
	(155, 155, 'Maria Silva - Enfermeira Chefe', 'a-g', 1, 0, 'Participar do Curso de Utilização Avançada de Produtos Médico-Hospitalares foi uma experiência transformadora para a minha carreira.', 0, '', ''),
	(160, 160, 'Nathan Queiroz', 'b-a', 1, 0, 'Estruturas de fibra de vidro super leves e resistentes. Além disso, as Flags são impressas em Tactel e Oxford, materiais mais duráveis mesmo. Os produtos são bons e a um preço justo. Super recomendo!', 0, '', ''),
	(162, 162, 'PRODUTOS MÉDICO-HOSPITALARES', 'produtos-medico-hospitalares', 1, 0, '', 0, '', ''),
	(189, 189, 'Quais as vantagens do protocolo agronômico?', 'quais-os-tipos-de-manutencao-com-as-quais-voce-trabalha-', 1, 0, '', 0, '', ''),
	(194, 194, 'Em quais regiões a TCA atua?', 'as-miniescavadeiras-sao-indicadas-para-reformas-', 1, 0, '', 0, '', ''),
	(357, 357, 'O que é a agricultura 4.0?', 'como-e-feito-o-calculo-das-despesas-', 1, 0, '', 0, '', ''),
	(376, 376, 'Bolas de Sinuca', 'bolas-de-sinuca', 1, 0, '', 0, '', ''),
	(380, 380, 'Bolas de Sinuca', 'bolas-de-sinuca', 1, 0, '', 0, '', ''),
	(382, 382, 'Bolas de Sinuca', 'bolas-de-sinuca', 1, 0, '', 0, '', ''),
	(384, 384, 'Bolas de Sinuca', 'bolas-de-sinuca', 1, 0, '', 0, '', ''),
	(408, 408, 'Bolas de Sinuca', 'bolas-de-sinuca', 1, 0, '', 0, '', ''),
	(410, 410, 'Bolas de Sinuca', 'bolas-de-sinuca', 1, 0, '', 0, '', ''),
	(412, 412, 'Bolas de Sinuca', 'bolas-de-sinuca', 1, 0, '', 0, '', ''),
	(490, 490, 'O que é a agricultura de precisão?', 'como-faco-para-saber-o-valor-da-minha-compra-', 1, 0, '', 0, '', ''),
	(644, 644, 'Qual a classificação de equipamentos definida pela Anvisa?', 'qual-a-classificacao-de-equipamentos-definida-pela-anvisa-', 1, 0, 'As férias estão chegando e muitas pessoas planejam pegar a estrada para viajar e relaxar um pouco. Antes de pegar a estrada, é fundamental realizar uma manutenção preventiva em seu veículo para garantir que tudo esteja em perfeito estado e evitar pro', 0, 'c3_2.png', ''),
	(649, 649, 'Como adquirir equipamentos médicos hospitalares e sua manutenção?', 'como-adquirir-equipamentos-medicos-hospitalares-e-sua-manutencao-', 1, 0, 'Vitae adipiscing tu enean ligula nibhmolestie id viverra dapilo eleifend Aliquam sem conubia. Vitae adipiscing tu enean ligula nibhmolestie id viverra dapilo eleifend Aliquam sem conubia. Vitae adipiscing tu enean ligula nibhmolestie id viverra dapil', 0, 'c2_2.png', ''),
	(650, 650, 'Orçamento', 'orcamento', 1, 0, '', 0, '', ''),
	(653, 653, 'Pielsana® Óleo', 'pielsana-oleo', 1, 0, '', 0, '', ''),
	(654, 654, 'Pielsana® gel', 'pielsana-gel', 1, 0, '', 0, '', ''),
	(659, 659, 'Cursos e treinamentos', 'cursos-e-treinamentos', 1, 0, '', 0, '', ''),
	(668, 668, 'EPI’S', 'epi-s', 1, 0, '', 0, '', ''),
	(669, 669, 'Categorias / Produtos', 'produtos-categorias', 1, 0, '', 0, '', ''),
	(670, 670, 'EQUIPAMENTOS', 'equipamentos', 1, 0, '', 0, '', ''),
	(671, 671, 'PRODUTOS MÉDICO-HOSPITALARES', 'produtos-medico-hospitalares', 1, 0, '', 0, '', ''),
	(672, 672, 'EPI’S', 'epi-s', 1, 0, '', 0, '', ''),
	(678, 678, 'Carrinho', 'carrinho', 1, 0, '', 0, '', ''),
	(680, 680, 'Trabalhe Conosco', 'trabalhe-conosco', 1, 0, '', 0, '', ''),
	(681, 681, 'Seja um Revendedor', 'seja-um-revendedor', 1, 0, '', 0, '', ''),
	(682, 682, 'vaga 1', 'vaga-1', 1, 0, '', 0, '', ''),
	(683, 683, 'vaga 2', 'vaga-2', 1, 0, '', 0, '', ''),
	(684, 684, 'vaga 3', 'vaga-3', 1, 0, '', 0, '', ''),
	(685, 685, 'regiao 1', 'vaga-1', 1, 0, '', 0, '', ''),
	(686, 686, 'regiao 2', 'vaga-2', 1, 0, '', 0, '', ''),
	(687, 687, 'servico 1', 'servico-1', 1, 0, '', 0, '', ''),
	(688, 688, 'servico 2', 'servico-2', 1, 0, '', 0, '', ''),
	(689, 689, 'Limpezza', 'limpezza', 1, 0, '', 0, '', ''),
	(690, 690, 'Manutencao', 'manutencao', 1, 0, '', 0, '', ''),
	(691, 691, 'Atendimento', 'atendimento', 1, 0, '', 0, '', ''),
	(692, 692, 'Administracao', 'administracao', 1, 0, '', 0, '', ''),
	(694, 694, 'Tratamento de Escaras: Prevenção e Cuidados Essenciais para a Saúde', 'tratamento-de-escaras-prevencao-e-cuidados-essenciais-para-a-saude-2', 1, 0, 'Vitae adipiscing tu enean ligula nibhmolestie id viverra dapilo eleifend Aliquam sem conubia. Vitae adipiscing tu enean ligula nibhmolestie id viverra dapilo eleifend Aliquam sem conubia. Vitae adipiscing tu enean ligula nibhmolestie id viverra dapil', 0, 'c1_2.png', ''),
	(695, 695, 'Parceria com a Pielsana', 'parceria-com-a-pielsana', 1, 0, '', 0, '', ''),
	(696, 696, 'Pielsana® loção 200ml', 'pielsana-locao-200ml', 1, 0, '', 0, '', ''),
	(697, 697, 'teste 4', 'teste-4', 1, 0, '', 0, '', ''),
	(698, 698, 'teste 5', 'teste-5', 1, 0, '', 0, '', ''),
	(699, 699, 'teste 6', 'teste-6', 1, 0, '', 0, '', ''),
	(700, 700, 'teste 7', 'teste-7', 1, 0, '', 0, '', ''),
	(701, 701, 'teste 8', 'teste-8', 1, 0, '', 0, '', ''),
	(702, 702, 'Pielsana® bandagem', 'pielsana-bandagem', 1, 0, '', 0, '', ''),
	(703, 703, 'Produtos Pielsana', 'produtos-pielsana', 1, 0, '', 0, '', '');

-- Copiando estrutura para tabela g-medical.app_conteudo_valor
CREATE TABLE IF NOT EXISTS `app_conteudo_valor` (
  `id` int NOT NULL AUTO_INCREMENT,
  `idioma_id` int NOT NULL,
  `conteudo_id` int DEFAULT NULL,
  `configuracao_id` int DEFAULT NULL,
  `valor` text,
  `ordem_valor` int DEFAULT NULL,
  PRIMARY KEY (`id`,`idioma_id`)
) ENGINE=InnoDB AUTO_INCREMENT=1075 DEFAULT CHARSET=latin1;

-- Copiando dados para a tabela g-medical.app_conteudo_valor: ~172 rows (aproximadamente)
INSERT IGNORE INTO `app_conteudo_valor` (`id`, `idioma_id`, `conteudo_id`, `configuracao_id`, `valor`, `ordem_valor`) VALUES
	(28, 1, 60, 1002, '', 1),
	(29, 1, 60, 750, '[[{"label":"Banner Desktop","name":"banner-desktop","options":[],"value":{"valor":{"url":"banner.png","status":true}},"type":"image"},{"label":"Texto","name":"text","options":[],"value":{"valor":"<h3>Somos uma distribuidora<br \\/>\\nespecializada em<\\/h3>\\n\\n<h1><strong>PRODUTOS<br \\/>\\nM&Eacute;DICO-HOSPITALARES<\\/strong><\\/h1>\\n\\n<h3>e representantes oficiais da marca<br \\/>\\nPielsana em Goi&aacute;s e Distrito Federal.<\\/h3>\\n"},"type":"editor"},{"label":"Texto Botao","name":"text-button","options":[],"value":{"valor":"CONHE\\u00c7A A LINHA PIELSANA"},"type":"text"},{"label":"Banner Mobile","name":"banner-mobile","options":[],"value":{"valor":{"url":"know-2.png","status":true}},"type":"image"}],[{"label":"Banner Desktop","name":"banner-desktop","options":[],"value":{"valor":{"url":"banner-2.png","status":true}},"type":"image"},{"label":"Texto","name":"text","options":[],"value":{"valor":"<h1>Solu&ccedil;&otilde;es de<br \\/>\\n<strong>ALTA QUALIDADE<br \\/>\\nE CONFIAN&Ccedil;A<\\/strong><br \\/>\\npara profissionais da<br \\/>\\n<strong>&aacute;rea da sa&uacute;de<\\/strong><\\/h1>\\n\\n<h3>Oferecemos produtos de qualidade para curativos e produtos para preven&ccedil;&atilde;o e tratamento de feridas<\\/h3>\\n"},"type":"editor"},{"label":"Texto Botao","name":"text-button","options":[],"value":{"valor":"ACESSAR PRODUTOS"},"type":"text"},{"label":"Banner Mobile","name":"banner-mobile","options":[],"value":{"valor":{"url":"","status":true}},"type":"image"}],[{"label":"Banner Desktop","name":"banner-desktop","options":[],"value":{"valor":{"url":"banner-3.png","status":true}},"type":"image"},{"label":"Texto","name":"text","options":[],"value":{"valor":"<h1>Treinamentos<br \\/>\\ne cursos de<br \\/>\\n<strong>CAPACITA&Ccedil;&Atilde;O PROFISSIONAL<\\/strong><\\/h1>\\n\\n<h3>Oferecemos cursos preparat&oacute;rios para os profissionais da sa&uacute;de utilizarem os curativos de maneira correta!<\\/h3>\\n"},"type":"editor"},{"label":"Texto Botao","name":"text-button","options":[],"value":{"valor":"CURSOS DISPON\\u00cdVEIS"},"type":"text"},{"label":"Banner Mobile","name":"banner-mobile","options":[],"value":{"valor":{"url":"","status":true}},"type":"image"}]]', 1),
	(75, 1, 109, 630, '{"url":"about.png","status":true}', 1),
	(90, 1, 106, 86, '668', 1),
	(91, 1, 106, 60, '{"url":"c1_2.png","status":true}', 1),
	(92, 1, 106, 62, 'Em primeiro lugar, precisamos esclarecer que, embora pareçam iguais, os conceitos de Agricultura de Precisão e de...', 1),
	(93, 1, 106, 61, '', 1),
	(94, 1, 131, 86, '668', 1),
	(95, 1, 131, 60, '{"url":"c2_2.png","status":true}', 1),
	(96, 1, 131, 62, 'Para os fazendeiros e trabalhadores rurais, suas caminhonetes são ferramentas de trabalho essenciais, e mantê-las em boas condições é fundamental para garantir a eficiência e a segurança no trabalho na fazenda. Aqui estão algumas dicas importantes para manter sua caminhonete em boas condições antes de pegar a estrada de terra.', 1),
	(97, 1, 131, 61, '', 1),
	(102, 1, 153, 124, 'A parceria com a G-Medical tem sido fundamental para o sucesso de nossos tratamentos de feridas. Seus produtos de curativos são de altíssima qualidade', 1),
	(103, 1, 160, 124, 'Estruturas de fibra de vidro super leves e resistentes. Além disso, as Flags são impressas em Tactel e Oxford, materiais mais duráveis mesmo. Os produtos são bons e a um preço justo. Super recomendo!', 1),
	(104, 1, 155, 124, 'Participar do Curso de Utilização Avançada de Produtos Médico-Hospitalares foi uma experiência transformadora para a minha carreira.', 1),
	(105, 1, 154, 124, 'Trabalhar com a G-Medical tem sido uma experiência excepcional. Além de oferecerem uma ampla variedade de produtos médico-hospitalares, eles sempre atendem nossas demandas com rapidez', 1),
	(123, 1, 644, 86, '668', 1),
	(124, 1, 644, 60, '{"url":"c3_2.png","status":true}', 1),
	(125, 1, 644, 62, 'As férias estão chegando e muitas pessoas planejam pegar a estrada para viajar e relaxar um pouco. Antes de pegar a estrada, é fundamental realizar uma manutenção preventiva em seu veículo para garantir que tudo esteja em perfeito estado e evitar problemas no meio do caminho. Um dos itens mais importantes a serem verificados são as pastilhas de freio.', 1),
	(126, 1, 644, 61, '<p>Em primeiro lugar, precisamos esclarecer que, embora pare&ccedil;am iguais, os conceitos de Agricultura de Precis&atilde;o e de Agricultura Digital ou Agricultura 4.0 n&atilde;o s&atilde;o os mesmos. O uso de imagens e tecnologias como GPS, sensoriamento remoto, geoprocessamento, e sua aplica&ccedil;&atilde;o para um melhor gerenciamento agr&iacute;cola, j&aacute; s&atilde;o consideradas t&eacute;cnicas consolidadas no agroneg&oacute;cio e englobam a Agricultura de Precis&atilde;o. A Agricultura de Precis&atilde;o no Brasil teve in&iacute;cio nos anos 90 e consolidou a chamada terceira revolu&ccedil;&atilde;o agr&iacute;cola.</p>\n\n<p>J&aacute; essa nova era digital pela qual o agroneg&oacute;cio vem passando &eacute; considerada a quarta revolu&ccedil;&atilde;o agr&iacute;cola, e por isso &eacute; chamada de Agricultura 4.0.</p>\n\n<p>A Agricultura 4.0 incorpora os princ&iacute;pios e as ferramentas da Agricultura de Precis&atilde;o integradas &agrave;s novas tecnologias de an&aacute;lise de dados, intelig&ecirc;ncia artificial e Internet das coisas.</p>\n\n<p>Essas tecnologias, que surgiram na chamada quarta revolu&ccedil;&atilde;o industrial, conectam dados, m&aacute;quinas inteligentes, sistemas automatizados e conceitos de gest&atilde;o administrativa nas tomadas de decis&atilde;o.</p>\n\n<p>Quais tecnologias s&atilde;o utilizadas na Agricultura 4.0?<br />\nEntre as tecnologias aplicadas na nova era digital agr&iacute;cola n&oacute;s temos principalmente os drones, a Internet das Coisas, Big Data, Blockchain e Intelig&ecirc;ncia Artificial. Vamos conhecer cada um de forma simplificada:</p>\n\n<ul>\n	<li>Drone &eacute; um Ve&iacute;culo A&eacute;reo N&atilde;o Tripulado (VANT), controlado remotamente.</li>\n	<li>Na agricultura eles s&atilde;o equipados com tecnologia de Infravermelho, auxiliando no monitoramento do &iacute;ndice vegetativo das lavouras.</li>\n	<li>Internet das Coisas (Internet of Things &ndash; IoT) &eacute; o conceito da conex&atilde;o entre os sensores e softwares, a coleta e processamento de dados e seus usu&aacute;rios, como o objetivo de integrar ferramentas e simplificar a tomada de decis&otilde;es.</li>\n	<li>Big Data nada mais &eacute; do que a an&aacute;lise de uma grande variedade de dados da lavoura e a combina&ccedil;&atilde;o desses dados com outras informa&ccedil;&otilde;es, como hist&oacute;rico da &aacute;rea e dados clim&aacute;ticos, para otimizar os processos.</li>\n	<li>Esses dados podem ser obtidos atrav&eacute;s de ferramentas como dados de coleta de solo, imagens de sat&eacute;lite, ou informa&ccedil;&otilde;es adicionadas &agrave; plataforma pelo pr&oacute;prio produtor ou consultor.</li>\n	<li>Blockchain &eacute; o conceito do monitoramento e armazenamento na nuvem das informa&ccedil;&otilde;es dos produtos desde sua produ&ccedil;&atilde;o at&eacute; sua comercializa&ccedil;&atilde;o.</li>\n	<li>Esse sistema permiteaumentar a rastreabilidade do produto, o que pode facilitar a obten&ccedil;&atilde;o de certifica&ccedil;&otilde;es, por exemplo.</li>\n	<li>Intelig&ecirc;ncia Artificial e rob&oacute;tica s&atilde;o aplicadas a agricultura principalmente na interpreta&ccedil;&atilde;o de dados, como para aplica&ccedil;&atilde;o de taxa vari&aacute;vel de fertilizantes no campo.</li>\n</ul>\n', 1),
	(143, 1, 649, 86, '668', 1),
	(144, 1, 649, 60, '{"url":"c2_2.png","status":true}', 1),
	(145, 1, 649, 62, 'Vitae adipiscing tu enean ligula nibhmolestie id viverra dapilo eleifend Aliquam sem conubia. Vitae adipiscing tu enean ligula nibhmolestie id viverra dapilo eleifend Aliquam sem conubia. Vitae adipiscing tu enean ligula nibhmolestie id viverra dapilo eleifend Aliquam sem conubia.', 1),
	(146, 1, 649, 61, '', 1),
	(154, 1, 60, 1098, '', 1),
	(520, 1, 490, 492, 'Agricultura de Precisão é um sistema de gerenciamento agrícola baseado na variação espacial e temporal da unidade produtiva e visa ao aumento de retorno econômico, à sustentabilidade e à minimização do efeito ao ambiente.', 1),
	(521, 1, 490, 493, '', 1),
	(522, 1, 189, 492, 'A TCA é pioneira no protocolo agronômico, sendo desenvolvido ao longo de 12 anos de atuação do nosso CEO Theodoro. O protocolo é uma série de serviços que vão desde a parte operacional como modificações nos maquinários, análise física e química do solo, além da aplicação de produtos e o acompanhamento da lavoura em tempo real durante a Safra completa.', 1),
	(523, 1, 189, 493, '', 1),
	(524, 1, 194, 492, 'Atuamos principalmente em Goiás, Mato Grosso e Mato Grosso do Sul na região do Chapadão do céu.', 1),
	(525, 1, 194, 493, '', 1),
	(526, 1, 357, 492, 'A agricultura 4.0 nada mais é do que um conjunto de tecnologias que tem como principal objetivo otimizar a produção agrícola. Desta forma, pode-se dizer que é a quarta revolução da agricultura, e é caracterizada por trazer maior integração aos processos de produção e gestão, além de autonomia e agilidade para o setor.', 1),
	(527, 1, 357, 493, '', 1),
	(529, 1, 644, 1223, '', 1),
	(530, 1, 644, 1224, '{"url":"blog-interna_1.png","status":true}', 1),
	(532, 1, 109, 1226, '<h1>Sobre a G-Medical</h1>\n\n<h5>Empresa especializada na distribui&ccedil;&atilde;o de produtos m&eacute;dico-hospitalares, fornecendo solu&ccedil;&otilde;es para profissionais da &aacute;rea de sa&uacute;de e afins.</h5>\n', 1),
	(538, 1, 650, 1232, '<h1>Or&ccedil;amento</h1>\n\n<h5>Se voc&ecirc; est&aacute; interessado em adquirir nossos produtos ou servi&ccedil;os, teremos prazer em fornecer um or&ccedil;amento personalizado. Preencha o formul&aacute;rio abaixo com as informa&ccedil;&otilde;es necess&aacute;rias e nossa equipe entrar&aacute; em contato com voc&ecirc; em breve.</h5>\n', 1),
	(549, 1, 52, 90, '<h4>IMPORTANTE! ESSES TERMOS DE SERVI&Ccedil;O REGULAM O USO DESTE SITE DISPONIBILIZADO PELA G-Medical. AO ACESSAR A ESSE SITE, VOC&Ecirc; ATESTA SEU CONHECIMENTO E CONCORD&Acirc;NCIA COM ESSES TERMOS DE USO.</h4>\n\n<h4>ESSES TERMOS DE USO PODEM SER ALTERADOS A QUALQUER TEMPO E SEM AVISO. AS UTILIZA&Ccedil;&Otilde;ES DESTE SITE AP&Oacute;S TAIS ALTERA&Ccedil;&Otilde;ES ENTREM EM VIGOR CONSTITUI SEU CONHECIMENTO E ACEITA&Ccedil;&Atilde;O DAS MUDAN&Ccedil;AS.</h4>\n\n<h4>POR FAVOR, CONSULTE OS TERMOS DE USO ANTES DE CADA USO PARA AVERIGUAR MODIFICA&Ccedil;&Otilde;ES.</h4>\n\n<h3>Acesso ao site</h3>\n\n<p>Para acessar a esse site ou alguns dos recursos que ele oferece, pode ser requerido que voc&ecirc; forne&ccedil;a alguns detalhes para inscri&ccedil;&atilde;o ou outras informa&ccedil;&otilde;es. &Eacute; uma condi&ccedil;&atilde;o de uso deste site que toda a informa&ccedil;&atilde;o que voc&ecirc; forne&ccedil;a seja correta, atualizada e completa.<br />\nSe a Empresa acreditar que a informa&ccedil;&atilde;o que a informa&ccedil;&atilde;o fornecida n&atilde;o &eacute; correta, atualizada ou completa, temos o direito de recusar o seu acesso a esse site ou qualquer um de seus servi&ccedil;os e tamb&eacute;m de cancelar ou suspender seu acesso a qualquer tempo sem notifica&ccedil;&atilde;o pr&eacute;via.</p>\n\n<h3>Restri&ccedil;&otilde;es de uso</h3>\n\n<p>Voc&ecirc; pode utilizar esse site para prop&oacute;sitos expressamente permitidos por esse site. Voc&ecirc; n&atilde;o pode utiliz&aacute;-lo em qualquer outro objetivo, incluindo prop&oacute;sitos comerciais, sem o consentimento pr&eacute;vio expresso e escrito da nossa Empresa. Por exemplo, voc&ecirc; n&atilde;o pode (e tampouco pode autorizar a terceiros) a (i) associar a marca da nossa Empresa a nenhuma outra, ou (ii) fazer um frame deste site em outro ou (iii) fazer um hiperlink para este site sem a autoriza&ccedil;&atilde;o expressa pr&eacute;via e escrita de um representante da nossa Empresa.<br />\nPara efeitos deste termo de uso desses Termos de Uso, &ldquo;associar a marca da nossa Empresa&rdquo; significa expor nome, logo, marca comercial ou outros meios de atribui&ccedil;&atilde;o ou identifica&ccedil;&atilde;o em fonte de maneira que d&ecirc; ao usu&aacute;rio a impress&atilde;o de que tal fonte tem o direito de expor, publicar ou distribuir este site ou o conte&uacute;do disponibilizado por ele.<br />\nVoc&ecirc; concorda em cooperar com a Empresa para cessar qualquer associa&ccedil;&atilde;o, frame ou hiperlink n&atilde;o autorizados. Propriedade da Informa&ccedil;&atilde;o, o material e conte&uacute;do (referido nesse documento como &ldquo;conte&uacute;do&rdquo;) acess&iacute;veis neste site e qualquer outro web site de propriedade, licenciado ou controlado pela nossa Empresa pertence &agrave; Empresa ou da fonte que forneceu o conte&uacute;do &agrave; nossa Empresa, e nossa Empresa ou a fonte em quest&atilde;o det&eacute;m todo o direito, t&iacute;tulo e proveito no Conte&uacute;do.<br />\nDa mesma forma, o conte&uacute;do n&atilde;o pode ser copiado, distribu&iacute;do, republicado, carregado, postado ou transmitido por qualquer meio sem o consentimento pr&eacute;vio escrito de nossa Empresa, ou ao menos que esteja autorizado de forma escrita no nosso site, exceto quando voc&ecirc; imprime uma c&oacute;pia para seu uso pessoal somente. Ao fazer isso, voc&ecirc; n&atilde;o pode remover, alterar ou causar remo&ccedil;&atilde;o ou altera&ccedil;&atilde;o em qualquer copyright, marca comercial, nome comercial, marca de servi&ccedil;o ou qualquer outro aviso de propriedade no Conte&uacute;do.<br />\nModifica&ccedil;&atilde;o ou uso do Conte&uacute;do em qualquer outra forma que n&atilde;o as expressamente descritas nesse Termo de Uso, viola os direitos de propriedade intelectual de nossa Empresa.<br />\nNem autoria nem a propriedade intelectual s&atilde;o transferidas para voc&ecirc; ao acessar esse site.</p>\n\n<h3>Hiperlinks</h3>\n\n<p>Este site pode conter links para outros websites que n&atilde;o s&atilde;o mantidos ou mesmo relacionados &agrave; nossa Empresa. Hiperlinks para tais sites s&atilde;o providos como um servi&ccedil;o para usu&aacute;rios e n&atilde;o s&atilde;o afiliados a este site ou &agrave; nossa Empresa.<br />\nNossa Empresa n&atilde;o revisa todos ou mesmo nenhum desses sites e n&atilde;o &eacute; respons&aacute;vel pelo conte&uacute;do deles. O usu&aacute;rio assume o risco ao acessar esses hiperlinks e nossa Empresa n&atilde;o faz nenhuma representa&ccedil;&atilde;o ou d&aacute; garantias sobre a plenitude ou precis&atilde;o dos hiperlinks e os sites ao quais eles direcionam. Finalmente, a conclus&atilde;o de qualquer hiperlink para um site de terceiro n&atilde;o necessariamente implica endosso da nossa Empresa para esse site.</p>\n\n<h3>Envios</h3>\n\n<p>Por este termo, voc&ecirc; garante &agrave; nossa Empresa o direito e licen&ccedil;a royalty-free, perp&eacute;tuo, irrevoc&aacute;vel, global n&atilde;o exclusivo de usar, reproduzir, modificar, adaptar, publicar, traduzir, criar trabalhos derivados, distribuir, representar e expor todo o conte&uacute;do, observa&ccedil;&otilde;es, sugest&otilde;es, id&eacute;ias, desenhos ou outras informa&ccedil;&otilde;es comunicadas &agrave; nossa Empresa por esse site (juntos, denominados agora como &ldquo;Envios&rdquo;), e incorporar qualquer Envio em outros trabalhos em qualquer formato, m&iacute;dia ou tecnologia conhecida hoje ou ainda a ser desenvolvida.</p>\n\n<p>Nossa Empresa n&atilde;o ser&aacute; obrigada a tratar nenhum Envio como confidencial e pode usar qualquer Envio em seu neg&oacute;cio (incluindo e n&atilde;o se limitando a produtos ou propaganda) sem ser imputada nenhuma responsabilidade por royalties ou qualquer outra considera&ccedil;&atilde;o de qualquer tipo e como resultado n&atilde;o fica respons&aacute;vel por qualquer similaridade que possa aparecer em opera&ccedil;&otilde;es futuras da Empresa.<br />\nNossa Empresa tratar&aacute; qualquer informa&ccedil;&atilde;o pessoal que voc&ecirc; submeter por esse site de acordo com as Pol&iacute;ticas de Privacidade do site.</p>\n\n<p>&nbsp;</p>\n\n<h3>Aviso Legal:</h3>\n\n<p>Voc&ecirc; entende que nossa Empresa n&atilde;o pode e n&atilde;o garante que arquivos dispon&iacute;veis para download da Internet estejam livres de v&iacute;rus, worms, cavalos de Tr&oacute;ia ou outro c&oacute;digo que possa manifestar propriedades contaminadoras ou destrutivas.<br />\nVoc&ecirc; &eacute; respons&aacute;vel por implementar procedimentos e checkpoints suficientes para satisfazer seus requisitos de seguran&ccedil;a e por manter meios externos a este site para reconstru&ccedil;&atilde;o de qualquer dado perdido.<br />\nNossa Empresa n&atilde;o assume nenhuma responsabilidade ou risco pelo uso da internet.<br />\nO Conte&uacute;do n&atilde;o &eacute; necessariamente completo e atualizado e n&atilde;o deve ser usado para substituir quaisquer relat&oacute;rios, declara&ccedil;&otilde;es ou avisos dados pela Empresa.<br />\nInvestidores, colaboradores e outros devem usar o Conte&uacute;do da mesma maneira que qualquer outro ambiente educacional e n&atilde;o deve confiar somente no Conte&uacute;do em detrimento de seu pr&oacute;prio julgamento profissional.<br />\nA informa&ccedil;&atilde;o obtida ao usar este site n&atilde;o &eacute; completa e n&atilde;o cobre todas as quest&otilde;es, t&oacute;picos ou fatos que possam ser relevantes para seus objetivos.</p>\n\n<h4>O USO DESTE SITE &Eacute; DE SUA TOTAL RESPONSABILIDADE. O CONTE&Uacute;DO &Eacute; OFERECIDO COMO EST&Aacute; E SEM GARANTIAS DE QUALQUER TIPO, EXPRESSAS OU IMPL&Iacute;CITAS.<br />\nNOSSA EMPRESA N&Atilde;O GARANTE QUE AS FUN&Ccedil;&Otilde;ES OU CONTE&Uacute;DO PRESENTE NESTE SITE SER&Aacute; CONT&Iacute;NUO, LIVRE DE ERROS, QUE FALHAS SER&Atilde;O CORRIGIDAS OU QUE ESTE SITE E SERVIDOR QUE O TORNA DISPON&Iacute;VEL EST&Atilde;O LIVRES DE V&Iacute;RUS OU OUTROS COMPONENTES DESTRUTIVOS.<br />\nNOSSA EMPRESA N&Atilde;O GARANTE OU FAZ QUALQUER REPRESENTA&Ccedil;&Atilde;O RELACIONADA AO USO OU RESULTADOS DO USO DO CONTE&Uacute;DO EM TERMOS DE PRECIS&Atilde;O, CONFIABILIDADE OU OUTROS.<br />\nO CONTE&Uacute;DO PODE INCLUIR IMPRECIS&Otilde;ES T&Eacute;CNICAS OU ERROS TIPOGR&Aacute;FICOS E A EMPRESA PODE FAZER MUDAN&Ccedil;AS OU MELHORIAS A QUALQUER MOMENTO. VOC&Ecirc;, E N&Atilde;O A NOSSA EMPRESA, ASSUME O CUSTO DE QUALQUER SERVI&Ccedil;O, REPARO OU CORRE&Ccedil;&Atilde;O NECESS&Aacute;RIOS NO CASO DE QUALQUER PERDA OU DANO CONSEQUENTE DO USO DESTE SITE OU SEU CONTE&Uacute;DO.<br />\nNOSSA EMPRESA N&Atilde;O OFERECE GARANTIA QUE O USO DESTE CONTE&Uacute;DO N&Atilde;O INFRINGIR O DIREITO DE OUTRO E N&Atilde;O ASSUMEM QUALQUER RESPONSABILIDADE POR ERROS OU OMISS&Otilde;ES EM TAL CONTE&Uacute;DO.</h4>\n\n<p>Toda informa&ccedil;&atilde;o neste site seja de natureza hist&oacute;rica ou prospectivas &eacute; v&aacute;lida somente para a data que foi publicada no site e a Empresa n&atilde;o se compromete com nenhuma obriga&ccedil;&atilde;o de atualizar tal informa&ccedil;&atilde;o depois que &eacute; publicada ou remover tal informa&ccedil;&atilde;o deste site caso ela n&atilde;o seja (mais) precisa ou completa.</p>\n\n<h3>Limita&ccedil;&atilde;o de responsabilidade</h3>\n\n<h4>A EMPRESA, SUAS FILIAIS, AFILIADOS, LICENCIANTES, PROVEDORES DE SERVI&Ccedil;O, PROVEDORES DE CONTE&Uacute;DO, EMPREGADOS, AGENTES, ADMINISTRADORES E DIRETORES N&Atilde;O SER&Atilde;O RESPONS&Aacute;VEIS POR QUALQUER DANO EVENTUAL, DIRETO, INDIRETO, PUNITIVO, REAL, CONSEQUENTE, ESPECIAL, EXEMPLAR OU DE QUALQUER OUTRO TIPO, INCLUINDO PERDA DE RECEITA OU RENDA, DOR E SOFRIMENTO, ESTRESSE EMOCIONAL OU SIMILARES MESMO QUE A EMPRESA TENHA ACONSELHADO SOBRE A POSSIBILIDADE DE TAIS DANOS.</h4>\n\n<h4>DE NENHUMA FORMA A RESPONSABILIDADE COLETIVA DA EMPRESA E SUAS FILIAIS, AFILIADOS, LICENCIANTES, PROVEDORES DE SERVI&Ccedil;O, PROVEDORES DE CONTE&Uacute;DO, EMPREGADOS, AGENTES, ADMINISTRADORES E DIRETORES EM RELA&Ccedil;&Atilde;O A TERCEIROS (INDEPENDENTE DO TIPO DE A&Ccedil;&Atilde;O, SEJA POR CONTRATO OU QUALQUER OUTRO) EXCEDER&Aacute; A QUANTIA DE R$100 OU O VALOR PAGO &Agrave; EMPRESA POR TAL CONTE&Uacute;DO, PRODUTO OU SERVI&Ccedil;O DO QUAL A QUEST&Atilde;O TENHA SIDO LEVANTADA.</h4>\n\n<h3>Indeniza&ccedil;&atilde;o</h3>\n\n<p>Voc&ecirc; vai indenizar e isentar a Empresa, suas filiais, afiliados, licenciantes, provedores de servi&ccedil;o, provedores de conte&uacute;do, empregados, agentes, administradores e diretores (referidas agora como Partes Isentas) de qualquer viola&ccedil;&atilde;o desse Termo de Uso por voc&ecirc;, incluindo o uso do Conte&uacute;do diferente do expresso aqui.<br />\nVoc&ecirc; concorda que as Partes Isentas n&atilde;o t&ecirc;m responsabilidade ou conex&atilde;o com qualquer viola&ccedil;&atilde;o ou uso n&atilde;o autorizado e voc&ecirc; concorda em remediar toda e qualquer perda, dano, julgamento, pr&ecirc;mios, custo, despesas e honor&aacute;rios advocat&iacute;cios das Partes Isentas ligadas a viola&ccedil;&atilde;o.<br />\nVoc&ecirc; tamb&eacute;m indenizar&aacute; e isentar&aacute; as Partes Isentas de qualquer reivindica&ccedil;&atilde;o de terceiros resultante do uso da informa&ccedil;&atilde;o contida neste site.</p>\n\n<h3>Marcas Registradas</h3>\n\n<p>Marcas e logos presentes neste site s&atilde;o propriedade da Empresa ou da parte que as disponibilizaram para a Empresa.<br />\nA Empresa e as partes que disponibilizaram a marca e logo det&eacute;m todos os direitos sobre as mesmas.<br />\nInforma&ccedil;&atilde;o provida pelo usu&aacute;rio</p>\n\n<p>&nbsp;</p>\n\n<p>Voc&ecirc; n&atilde;o pode publicar enviar, apresentar ou fazer conex&atilde;o a esse site qualquer material que: voc&ecirc; n&atilde;o tenha o direito de postar, incluindo material de propriedade de terceiros defenda atividade ilegal ou discutir a inten&ccedil;&atilde;o de fazer algo ilegal; seja vulgar, obsceno, pornogr&aacute;fico ou indecente n&atilde;o diga respeito diretamente a este site; possa amea&ccedil;ar ou insultar outros, difamar, caluniar, invadir privacidade, perseguir, ser obsceno, pornogr&aacute;fico, racista, assediar ou ofender; busca explorar ou prejudicar crian&ccedil;as expondo-as a conte&uacute;do inapropriado, perguntar sobre informa&ccedil;&otilde;es pessoais ou qualquer outro do tipo; infrinja qualquer propriedade intelectual ou outro direito de pessoa ou entidade, incluindo viola&ccedil;&otilde;es de direitos autorais, marca registrada ou direitos de publicidade; violam qualquer lei ou podem ser considerados para violar a lei; personifique ou deturpar sua conex&atilde;o com qualquer entidade ou pessoa; ou ainda manipula t&iacute;tulos ou identificadores para encobrir a origem do conte&uacute;do promova qualquer empreendimento comercial (ex: oferecer produtos ou servi&ccedil;os em promo&ccedil;&atilde;o) ou que engaje de qualquer forma em uma atividade comercial (ex: realizar sorteios ou concursos, expor banners patrocinadores e/ou solicitar bens e servi&ccedil;os) exceto que especificamente autorizado neste site; solicitar fundos, divulga&ccedil;&otilde;es ou patrocinadores; inclua programas com v&iacute;rus, worms e/ou Cavalos de Tr&oacute;ia ou qualquer outro c&oacute;digo, arquivo ou programa de computador destinado a interromper, destruir ou limitar a funcionalidade de qualquer software ou hardware de computador ou telecomunica&ccedil;&otilde;es; interrompa o fluxo normal da conversa, fa&ccedil;a com que a tela &ldquo;role&rdquo; mais r&aacute;pido que os os outros usu&aacute;rios conseguem acompanhar ou mesmo agir de modo a afetar a habilidade de outras pessoas de se engajar em atividades em tempo real neste site; inclua arquivos em formato MP3 desobede&ccedil;a qualquer pol&iacute;tica ou regra estabelecida de tempos em tempos para o uso desse site ou qualquer rede conectada a ele; ou contenha hiperlinks para sites que contenham conte&uacute;do que se enquadrem nas descri&ccedil;&otilde;es acima.</p>\n\n<p>Mesmo sem a obriga&ccedil;&atilde;o de faz&ecirc;-lo, nossa Empresa reserva o direito de monitorar o uso deste site para determinar o cumprimento desse Termo de Uso assim como o de remover ou vetar qualquer informa&ccedil;&atilde;o por qualquer raz&atilde;o.<br />\nDe qualquer forma voc&ecirc; &eacute; completamente respons&aacute;vel pelo conte&uacute;do de seus envios.<br />\nVoc&ecirc; sabe e concorda que nem a Empresa ou qualquer terceiro provendo conte&uacute;do para a Empresa assumir&aacute; qualquer responsabilidade por nenhuma a&ccedil;&atilde;o ou ina&ccedil;&atilde;o da Empresa ou referido terceiro a respeito de qualquer envio.</p>\n\n<h3>Seguran&ccedil;a</h3>\n\n<p>Toda senha usada para este site &eacute; somente para uso individual.<br />\nVoc&ecirc; &eacute; respons&aacute;vel pela seguran&ccedil;a de sua senha (se for o caso).<br />\nA Empresa tem o direito de monitorar a seguran&ccedil;a de sua senha e ao seu crit&eacute;rio pode pedir que voc&ecirc; a mude.<br />\nSe voc&ecirc; usar qualquer senha que a Empresa considere insegura, a Empresa tem o direito de requisitar que a senha seja modificada e/ou cancelar a sua conta.<br />\n&Eacute; proibido usar qualquer servi&ccedil;o ou ferramenta conectada a este site para comprometer a seguran&ccedil;a ou mexer com os recursos do sistema e/ou contas.<br />\nO uso ou distribui&ccedil;&atilde;o de ferramentas destinadas para comprometer a seguran&ccedil;a (ex: programas para descobrir senha, ferramentas de crack ou de sondagem da rede) s&atilde;o estritamente proibidos.<br />\nSe voc&ecirc; estiver envolvido em qualquer viola&ccedil;&atilde;o da seguran&ccedil;a do sistema, a Empresa se reserva o direito de fornecer suas informa&ccedil;&otilde;es para os administradores de sistema de outros sites para ajud&aacute;-los a resolver incidentes de seguran&ccedil;a.<br />\nA Empresa se reserva o direito de investigar potenciais viola&ccedil;&otilde;es a esse Termo de Uso.<br />\nA Empresa se reserva o direito de cooperar totalmente com as autoridades competentes ou pedidos da justi&ccedil;a para que a Empresa revele a identidade de qualquer pessoa que publique e-mail, mensagem ou disponibilize qualquer material que possa violar esse Termo de Uso.</p>\n\n<h3><strong>AO ACEITAR ESSE ACORDO VOC&Ecirc; ISENTA A EMPRESA DE QUALQUER CONSEQU&Ecirc;NCIA RESULTANTE DE QUALQUER A&Ccedil;&Atilde;O DA EMPRESA DURANTE OU COMO RESULTADO DE SUAS INVESTIGA&Ccedil;&Otilde;ES E/OU DE A&Ccedil;&Otilde;ES TOMADAS RESULTANTES DE INVESTIGA&Ccedil;OES TANTO DA EMPRESA QUANTO DAS AUTORIDADES DE JUSTI&Ccedil;A COMPETENTES.</strong></h3>\n', 1),
	(550, 1, 52, 1243, '', 1),
	(555, 1, 649, 1223, '', 1),
	(556, 1, 649, 1224, '{"url":"","status":true}', 1),
	(557, 1, 106, 1223, '', 1),
	(558, 1, 106, 1224, '{"url":"","status":true}', 1),
	(559, 1, 131, 1223, '', 1),
	(560, 1, 131, 1224, '{"url":"","status":true}', 1),
	(562, 1, 74, 1249, '<h1>Contato</h1>\n\n<h5>Ol&aacute;! Se voc&ecirc; deseja entrar em contato conosco, teremos prazer em ajudar. Abaixo est&atilde;o as informa&ccedil;&otilde;es para que voc&ecirc; possa nos contatar de maneira r&aacute;pida e conveniente. Nossa equipe est&aacute; pronta para responder a todas as suas perguntas, fornecer suporte t&eacute;cnico ou qualquer outra assist&ecirc;ncia que voc&ecirc; possa precisar.</h5>\n', 1),
	(563, 1, 74, 1250, '{"url":"contact.png","status":true}', 1),
	(571, 1, 51, 1258, '', 1),
	(576, 1, 51, 1263, '<p>G-medical tem total compromisso com a privacidade e seguran&ccedil;a de seus clientes durante o processo de navega&ccedil;&atilde;o pelo site. Usamos cookies e informa&ccedil;&otilde;es de navega&ccedil;&atilde;o (sess&atilde;o do browser) com o objetivo de tra&ccedil;ar o perfil do p&uacute;blico que visita o site e aperfei&ccedil;oar nossos conte&uacute;dos.<br />\nOs dados cadastrais de nossos clientes n&atilde;o s&atilde;o vendidos, trocados ou divulgados para terceiros e todas as informa&ccedil;&otilde;es s&atilde;o mantidas em sigilo absoluto. Seus dados s&atilde;o registrados pela G-medical de forma automatizada, dispensando manipula&ccedil;&atilde;o humana.<br />\nAs altera&ccedil;&otilde;es sobre nossa Pol&iacute;tica de Privacidade ser&atilde;o devidamente informadas neste espa&ccedil;o.</p>\n\n<h3>Pol&iacute;tica de Privacidade</h3>\n\n<p>Esta pol&iacute;tica descreve as formas como coletamos, armazenamos, usamos e protegemos suas informa&ccedil;&otilde;es pessoais.<br />\nVoc&ecirc; aceita essa pol&iacute;tica e concorda com tal coleta, armazenamento e uso quando se inscrever ou usar nossos produtos, servi&ccedil;os ou qualquer outro recurso, tecnologia ou funcionalidade que n&oacute;s oferecemos ao acessar nosso site ou por qualquer outro meio (coletivamente &ldquo;G-medical &rdquo;).<br />\nPodemos alterar a esta pol&iacute;tica a qualquer momento, divulgando uma vers&atilde;o revisada em nosso site. A vers&atilde;o revisada entrar&aacute; em vigor assim que disponibilizada no site. Al&eacute;m disso, se a vers&atilde;o revisada incluir uma altera&ccedil;&atilde;o substancial, avisaremos voc&ecirc; com 30 dias de anteced&ecirc;ncia, divulgando o aviso sobre a altera&ccedil;&atilde;o na p&aacute;gina &ldquo;Atualiza&ccedil;&otilde;es da pol&iacute;tica&rdquo; do nosso site. Depois desse aviso de 30 dias, ser&aacute; considerado que voc&ecirc; concorda com todas as emendas feitas a essa pol&iacute;tica.</p>\n\n<h3>Importante:</h3>\n\n<h3>Pol&iacute;tica de Descadastramento (&ldquo;Opt-out&rdquo;)</h3>\n\n<p>O usu&aacute;rio dos nossos servi&ccedil;os pode a qualquer momento deixar de receber comunica&ccedil;&otilde;es do nosso site. Para tanto basta enviar um e-mail para contato@G-medical.com.br indicando o seu desejo de n&atilde;o mais receber comunica&ccedil;&otilde;es, ou simplesmente clicar no link &lsquo;remover&rsquo; ou unsubscribre contido no final de cada e-mail.</p>\n\n<h3>Como coletamos informa&ccedil;&otilde;es a seu respeito</h3>\n\n<p>Quando voc&ecirc; visita os sites do https://G-medical.com.br ou usa os servi&ccedil;os da G-medical coletamos o seu endere&ccedil;o IP e as informa&ccedil;&otilde;es padr&atilde;o de acesso &agrave; web como o tipo do seu navegador e as p&aacute;ginas que acessou em nosso site.<br />\nSe voc&ecirc; se inscrever, coletamos os seguintes tipos de informa&ccedil;&otilde;es:<br />\nInforma&ccedil;&otilde;es de contato &ndash; o seu nome, endere&ccedil;o, telefone, e-mail, nome de usu&aacute;rio do Skype e outras informa&ccedil;&otilde;es semelhantes.<br />\nInforma&ccedil;&otilde;es financeiras &ndash; os n&uacute;meros da conta banc&aacute;ria e do cart&atilde;o de cr&eacute;dito que voc&ecirc; forneceu quando adquiriu os Servi&ccedil;os da G-medical.<br />\nAntes de permitir o uso dos Servi&ccedil;os da G-medical , poderemos exigir que voc&ecirc; forne&ccedil;a informa&ccedil;&otilde;es adicionais que poderemos usar para verificar sua identidade ou endere&ccedil;o ou gerenciar risco, como sua data de nascimento, n&uacute;mero de registro nacional, nacionalidade e outras informa&ccedil;&otilde;es de identifica&ccedil;&atilde;o.<br />\nTamb&eacute;m podemos obter informa&ccedil;&otilde;es suas atrav&eacute;s de terceiros, como centros de cr&eacute;dito e servi&ccedil;os de verifica&ccedil;&atilde;o de identidade. Quando estiver usando os Servi&ccedil;os da G-medical , coletaremos informa&ccedil;&otilde;es sobre suas transa&ccedil;&otilde;es e outras atividades suas em nosso site ou quando usar os Servi&ccedil;os da G-medical e podemos coletar informa&ccedil;&otilde;es sobre seu computador ou outro dispositivo de acesso com finalidade de preven&ccedil;&atilde;o contra fraude.<br />\nPor fim, podemos coletar informa&ccedil;&otilde;es adicionais de e sobre voc&ecirc; por outros meios, como de contatos com nossa G-medicaluipe de suporte ao cliente, de resultados de suas respostas a uma pesquisa, de intera&ccedil;&otilde;es com membros da rede corporativa da G-medical e de outras empresas.</p>\n\n<h3>Como usamos cookies</h3>\n\n<p>Quando voc&ecirc; acessa nosso site, n&oacute;s, incluindo as empresas que contratamos para acompanhar como nosso site &eacute; usado, podemos colocar pG-medicaluenos arquivos de dados chamados &ldquo;cookies&rdquo; no seu computador.<br />\nEnviamos um &ldquo;cookie da sess&atilde;o&rdquo; para o seu computador quando voc&ecirc; entra em sua conta ou usa os Servi&ccedil;os da G-medical . Esse tipo de cookie nos ajuda a reconhec&ecirc;-lo se visitar v&aacute;rias p&aacute;ginas em nosso site durante a mesma sess&atilde;o, para que n&atilde;o precisemos solicitar a sua senha em todas as p&aacute;ginas.<br />\nDepois que voc&ecirc; sair ou fechar o seu navegador, esse cookie ir&aacute; expirar e deixar&aacute; de ter efeito. Tamb&eacute;m usamos cookies mais permanentes para outras finalidades, como para exibir o seu endere&ccedil;o de e-mail em nosso formul&aacute;rio de acesso, para que voc&ecirc; n&atilde;o precise digitar novamente o endere&ccedil;o de e-mail sempre que entrar em sua conta.<br />\nCodificamos nossos cookies para que apenas n&oacute;s possamos interpretar as informa&ccedil;&otilde;es armazenadas neles. Voc&ecirc; est&aacute; livre para recusar nossos cookies caso o seu navegador permita, mas isso pode interferir no uso do nosso site.<br />\nN&oacute;s e nossos prestadores de servi&ccedil;o tamb&eacute;m usamos cookies para personalizar nossos servi&ccedil;os, conte&uacute;do e publicidade, avaliar a efici&ecirc;ncia das promo&ccedil;&otilde;es e promover confian&ccedil;a e seguran&ccedil;a.<br />\nVoc&ecirc; pode encontrar cookies de terceiros ao usar os Servi&ccedil;os da G-medical em determinados sites que n&atilde;o est&atilde;o sob nosso controle (por exemplo, se voc&ecirc; visualizar uma p&aacute;gina da Web criada por terceiros ou usar um aplicativo desenvolvido por terceiros, um cookie poder&aacute; ser colocado por essa p&aacute;gina ou aplicativo).</p>\n\n<h3>Remarketing do Google</h3>\n\n<p>N&oacute;s utilizamos o recurso de Remarketing do Google Adwords para veicular an&uacute;ncios em sites de parceiros do Google. Este recurso permite identificar que voc&ecirc; visitou o nosso site e assim o Google pode exibir o nosso an&uacute;ncio para voc&ecirc; em diferentes websites.<br />\nDiversos fornecedores de terceiros, inclusive o Google, compram espa&ccedil;os de publicidade em sites da Internet. N&oacute;s eventualmente contratamos o Google para exibir nossos an&uacute;ncios nesses espa&ccedil;os. Para identificar a sua visita no nosso site, tanto outros fornecedores de terceiros, quanto o Google, utilizam-se de cookies, de forma similar ao exposto na se&ccedil;&atilde;o &ldquo;Como usamos cookies&rdquo;. Voc&ecirc; pode desativar o uso de cookies pelo Google acessando o Gerenciador de prefer&ecirc;ncias de an&uacute;ncio.</p>\n\n<h3>Como protegemos e armazenamos informa&ccedil;&otilde;es pessoais</h3>\n\n<p>Ao longo desta pol&iacute;tica, usamos o termo &ldquo;informa&ccedil;&otilde;es pessoais&rdquo; para descrever informa&ccedil;&otilde;es que possam ser associadas a uma determinada pessoa e possam ser usadas para identificar essa pessoa.<br />\nN&oacute;s n&atilde;o consideraremos como informa&ccedil;&otilde;es pessoais as informa&ccedil;&otilde;es que devem permanecer an&ocirc;nimas, para que elas n&atilde;o identifiquem um determinado usu&aacute;rio. Armazenamos e processamos suas informa&ccedil;&otilde;es pessoais em nossos computadores nos e as protegemos sob medidas de prote&ccedil;&atilde;o f&iacute;sicas, eletr&ocirc;nicas e processuais.<br />\nUsamos prote&ccedil;&otilde;es de computador, como firewalls e criptografia de dados, aplicamos controles de acesso f&iacute;sico a nossos pr&eacute;dios e arquivos e autorizamos o acesso a informa&ccedil;&otilde;es pessoais apenas para os funcion&aacute;rios que precisem delas para cumprir suas responsabilidades profissionais.<br />\nComo usamos as informa&ccedil;&otilde;es pessoais que coletamos Nossa finalidade principal ao coletar informa&ccedil;&otilde;es pessoais &eacute; fornecer a voc&ecirc; uma experi&ecirc;ncia segura, tranquila, eficiente e personalizada. Para isso, usamos suas informa&ccedil;&otilde;es pessoais para:<br />\nFornecer os servi&ccedil;os e o suporte ao cliente solicitados;<br />\nProcessar transa&ccedil;&otilde;es e enviar avisos sobre as suas transa&ccedil;&otilde;es;<br />\nSolucionar disputas, cobrar taxas e solucionar problemas;<br />\nImpedir atividades potencialmente proibidas ou ilegais e garantir a aplica&ccedil;&atilde;o do nosso Contrato do usu&aacute;rio;<br />\nPersonalizar, avaliar e melhorar nossos servi&ccedil;os, al&eacute;m do conte&uacute;do e do layout do nosso site;<br />\nEnviar materiais de marketing direcionados, avisos de atualiza&ccedil;&atilde;o no servi&ccedil;o e ofertas promocionais com base nas suas prefer&ecirc;ncias de comunica&ccedil;&atilde;o;<br />\nComparar informa&ccedil;&otilde;es, para uma maior precis&atilde;o, e verific&aacute;-las com terceiros.</p>\n\n<h3>Marketing</h3>\n\n<p>N&atilde;o vendemos nem alugamos suas informa&ccedil;&otilde;es pessoais para terceiros para fins de marketing sem seu consentimento expl&iacute;cito. Podemos combinar suas informa&ccedil;&otilde;es com as informa&ccedil;&otilde;es que coletamos de outras empresas e us&aacute;-las para melhorar e personalizar nossos servi&ccedil;os, conte&uacute;do e publicidade.<br />\nSe n&atilde;o desejar receber nossas mensagens de marketing nem participar de nossos programas de personaliza&ccedil;&atilde;o de an&uacute;ncios, basta indicar sua prefer&ecirc;ncia mandando-nos um e-mail ou simplesmente clicar no link de descadastramento fornecido em todos os nossos e-mails.</p>\n\n<h3>Como compartilhamos informa&ccedil;&otilde;es pessoais com outras partes</h3>\n\n<p>Podemos compartilhar suas informa&ccedil;&otilde;es pessoais com: Membros da rede corporativa G-medical para fornecer conte&uacute;do, produtos e servi&ccedil;os conjuntos (como registro, transa&ccedil;&otilde;es e suporte ao cliente) para ajudar a detectar e impedir atos potencialmente ilegais e viola&ccedil;&otilde;es de nossas pol&iacute;ticas, al&eacute;m de cooperar nas decis&otilde;es quanto a seus produtos, servi&ccedil;os e comunica&ccedil;&otilde;es.</p>\n\n<p>Os membros da nossa rede corporativa usar&atilde;o essas informa&ccedil;&otilde;es para lhe enviar comunica&ccedil;&otilde;es de marketing apenas se voc&ecirc; tiver solicitado seus servi&ccedil;os.<br />\nFornecedores dos servi&ccedil;os sob contrato que colaboram em partes de nossas opera&ccedil;&otilde;es comerciais; (preven&ccedil;&atilde;o contra fraude, atividades de cobran&ccedil;a, marketing, servi&ccedil;os de tecnologia). Nossos contratos determinam que esses fornecedores de servi&ccedil;o s&oacute; usem suas informa&ccedil;&otilde;es em rela&ccedil;&atilde;o aos servi&ccedil;os que realizam para n&oacute;s, e n&atilde;o em benef&iacute;cio pr&oacute;prio.<br />\nEmpresas com as quais pretendemos nos fundir ou adquirir. (Se ocorrer uma fus&atilde;o, exigiremos que a nova entidade constitu&iacute;da siga essa pol&iacute;tica de privacidade com rela&ccedil;&atilde;o &agrave;s suas informa&ccedil;&otilde;es pessoais. Se suas informa&ccedil;&otilde;es pessoais puderem ser usadas contra essa pol&iacute;tica, voc&ecirc; receber&aacute; um aviso pr&eacute;vio).</p>\n\n<h3>Autoridades policiais, oficiais do governo ou outros terceiros quando:</h3>\n\n<p>Formos obrigados a isso por intima&ccedil;&atilde;o, decis&atilde;o judicial ou procedimento legal semelhante. Precisamos fazer isso para estar em conformidade com a lei ou com as regras de associa&ccedil;&atilde;o de cart&atilde;o de cr&eacute;dito<br />\nEstivermos cooperando com uma investiga&ccedil;&atilde;o policial em andamento. Acreditamos, de boa f&eacute;, que a divulga&ccedil;&atilde;o das informa&ccedil;&otilde;es pessoais &eacute; necess&aacute;ria para impedir danos f&iacute;sicos ou perdas financeiras, para reportar atividade ilegal suspeita ou investigar viola&ccedil;&otilde;es do nosso Contrato do usu&aacute;rio.<br />\nOutros terceiros com seu consentimento ou orienta&ccedil;&atilde;o para tanto.<br />\nNote que esses terceiros podem estar em outros pa&iacute;ses nos quais a legisla&ccedil;&atilde;o sobre o processamento de informa&ccedil;&otilde;es pessoais seja menos r&iacute;gida do que a do seu pa&iacute;s.<br />\nNos casos em que nossa empresa e um parceiro promovem juntos nossos Servi&ccedil;os, n&oacute;s podemos divulgar ao parceiro algumas informa&ccedil;&otilde;es pessoais tais como nome, endere&ccedil;o e nome de usu&aacute;rio das pessoas que se inscreveram nos nossos Servi&ccedil;os com resultado da promo&ccedil;&atilde;o conjunta com o &uacute;nico prop&oacute;sito de permitir a n&oacute;s e ao parceiro avaliar os resultados da promo&ccedil;&atilde;o.<br />\nNesse caso, informa&ccedil;&otilde;es pessoais n&atilde;o podem ser usadas pelo parceiro para nenhum outro prop&oacute;sito. A G-medical n&atilde;o vender&aacute; ou alugar&aacute; nenhuma das suas informa&ccedil;&otilde;es pessoais para terceiros no curso normal dos neg&oacute;cios e s&oacute; compartilha suas informa&ccedil;&otilde;es pessoais com terceiros, conforme descrito nesta pol&iacute;tica.<br />\nSe voc&ecirc; se inscrever na G-medical diretamente em um site de terceiros ou por meio de um aplicativo de terceiros, qualquer informa&ccedil;&atilde;o inserida naquele site ou aplicativo (e n&atilde;o diretamente em um site da G-medical ) ser&aacute; compartilhada com o propriet&aacute;rio desse site ou aplicativo &ndash; e suas informa&ccedil;&otilde;es podem estar sujeitas as pol&iacute;ticas de privacidade deles.</p>\n', 1),
	(811, 1, 650, 1376, '{"url":"dealer.png","status":true}', 1),
	(899, 1, 109, 1432, '', 1),
	(900, 1, 109, 1433, 'Missão, Visão e Valores', 1),
	(901, 1, 109, 1434, '[[{"label":"\\u00cdcone","name":"icon","options":[],"value":{"valor":{"url":"g1.png","status":true}},"type":"image"},{"label":"T\\u00edtulo","name":"title","options":[],"value":{"valor":"Miss\\u00e3o"},"type":"text"},{"label":"Descro\\u00e7\\u00e3o","name":"description","options":[],"value":{"valor":"Nossa miss\\u00e3o \\u00e9 fornecer produtos de alta qualidade que contribuam para o cuidado e a recupera\\u00e7\\u00e3o dos pacientes.<br> Se voc\\u00ea est\\u00e1 em busca de oportunidades de carreira em um ambiente din\\u00e2mico e comprometido com a excel\\u00eancia,<br> voc\\u00ea veio ao lugar certo."},"type":"textarea"}],[{"label":"\\u00cdcone","name":"icon","options":[],"value":{"valor":{"url":"g3.png","status":true}},"type":"image"},{"label":"T\\u00edtulo","name":"title","options":[],"value":{"valor":"Vis\\u00e3o"},"type":"text"},{"label":"Descro\\u00e7\\u00e3o","name":"description","options":[],"value":{"valor":"Nossa miss\\u00e3o \\u00e9 fornecer produtos de alta qualidade que contribuam para o cuidado e a recupera\\u00e7\\u00e3o dos <br>pacientes. Se voc\\u00ea est\\u00e1 em busca de oportunidades de carreira em um ambiente din\\u00e2mico e comprometido <br> com a excel\\u00eancia, voc\\u00ea veio ao lugar certo."},"type":"textarea"}],[{"label":"\\u00cdcone","name":"icon","options":[],"value":{"valor":{"url":"g2.png","status":true}},"type":"image"},{"label":"T\\u00edtulo","name":"title","options":[],"value":{"valor":"Valores"},"type":"text"},{"label":"Descro\\u00e7\\u00e3o","name":"description","options":[],"value":{"valor":"Prezamos pela qualidade dos nossos servi\\u00e7os e pela garantia da satisfa\\u00e7\\u00e3o dos clientes, assim, investimos na qualifica\\u00e7\\u00e3o <br> da equipe, atualiza\\u00e7\\u00e3o das normas, sele\\u00e7\\u00e3o dos fornecedores e na moderniza\\u00e7\\u00e3o dos trabalhos."},"type":"textarea"}]]', 1),
	(932, 1, 680, 1445, '{"url":"work.png","status":true}', 1),
	(933, 1, 680, 1446, '<h1>Trabalhe Conosco</h1>\n\n<h5>Somos uma empresa l&iacute;der na distribui&ccedil;&atilde;o de produtos m&eacute;dico-hospitalares, com foco especial na marca Pielsana, que oferece solu&ccedil;&otilde;es inovadoras para tratamento de feridas e curativos.</h5>\n', 1),
	(934, 1, 681, 1447, '{"url":"dealer.png","status":true}', 1),
	(935, 1, 681, 1448, '<h1>Seja um Revendedor</h1>\n\n<h5>Estamos sempre em busca de parceiros para expandir nossa rede de revendedores. Se voc&ecirc; est&aacute; interessado em se tornar um revendedor autorizado da G-Medical e oferecer nossos produtos inovadores aos seus clientes, gostar&iacute;amos de ouvir de voc&ecirc;.</h5>\n', 1),
	(936, 1, 680, 1449, '', 1),
	(937, 1, 680, 1450, '<h2>Oportunidades de Carreira</h2>\n\n<h5>Na G-Medical, valorizamos a diversidade de talentos e habilidades. Temos diversas oportunidades de carreira dispon&iacute;veis em &aacute;reas como vendas, marketing, log&iacute;stica, atendimento ao cliente, desenvolvimento de produtos e muito mais. Nossas vagas s&atilde;o projetadas para profissionais apaixonados, que buscam crescer e contribuir para a melhoria cont&iacute;nua de nossos servi&ccedil;os e produtos.</h5>\n', 1),
	(938, 1, 680, 1451, '', 1),
	(939, 1, 680, 1452, 'Nossa missão é fornecer produtos de alta qualidade que contribuam para o cuidado e a recuperação dos pacientes. Se você está em busca de oportunidades de carreira em um ambiente dinâmico e comprometido com a excelência, você veio ao lugar certo.', 1),
	(940, 1, 680, 1453, '', 1),
	(941, 1, 680, 1454, '[[{"label":"Background","name":"background","options":[],"value":{"valor":{"url":"w5.png","status":true}},"type":"image"},{"label":"Titulo","name":"title","options":[],"value":{"valor":"Especialista <br> em Marketing:"},"type":"text"}],[{"label":"Background","name":"background","options":[],"value":{"valor":{"url":"w1.png","status":true}},"type":"image"},{"label":"Titulo","name":"title","options":[],"value":{"valor":"Analista  <br> de Log\\u00edstica:"},"type":"text"}],[{"label":"Background","name":"background","options":[],"value":{"valor":{"url":"w2.png","status":true}},"type":"image"},{"label":"Titulo","name":"title","options":[],"value":{"valor":"Atendimento  <br> ao Cliente:"},"type":"text"}],[{"label":"Background","name":"background","options":[],"value":{"valor":{"url":"w3.png","status":true}},"type":"image"},{"label":"Titulo","name":"title","options":[],"value":{"valor":"Desenvolvimento  <br> de Produtos:"},"type":"text"}],[{"label":"Background","name":"background","options":[],"value":{"valor":{"url":"w4.png","status":true}},"type":"image"},{"label":"Titulo","name":"title","options":[],"value":{"valor":"Representante  <br> de Vendas"},"type":"text"}]]', 1),
	(942, 1, 680, 1455, '', 1),
	(943, 1, 680, 1456, '["Plano de Sa\\u00fade","Oportunidades de <br> desenvolvimento profissional","Ambiente de <br> trabalho colaborativo"]', 1),
	(944, 1, 74, 1457, '', 1),
	(945, 1, 74, 1458, '<h5><strong>Suporte por telefone:</strong><br />\nNosso servi&ccedil;o de suporte t&eacute;cnico est&aacute; dispon&iacute;vel pelo telefone <strong>(62) 3609-8197</strong> durante o hor&aacute;rio de atendimento mencionado acima. Nossa equipe de especialistas ter&aacute; prazer em ajudar a resolver suas d&uacute;vidas ou problemas.</h5>\n\n<h5><strong>Central de Ajuda Online: </strong><br />\nEm nosso site, voc&ecirc; encontrar&aacute; uma Central de Ajuda abrangente, onde disponibilizamos uma variedade de artigos e recursos &uacute;teis. Essa &eacute; uma excelente fonte de informa&ccedil;&otilde;es para respostas r&aacute;pidas e solu&ccedil;&otilde;es para quest&otilde;es comuns. Acesse <a href="#"><strong>www.gmedical.com.br</strong></a></h5>\n', 1),
	(946, 1, 109, 1459, '', 1),
	(947, 1, 109, 1460, '{"url":"welcome.png","status":true}', 1),
	(948, 1, 109, 1461, '<h2>Seja bem-vindo &agrave; G-Medical!</h2>\n\n<h5>Somos uma renomada empresa especializada na distribui&ccedil;&atilde;o de produtos m&eacute;dico-hospitalares, dedicados a fornecer solu&ccedil;&otilde;es de alta qualidade para profissionais da &aacute;rea de sa&uacute;de e seus pacientes.</h5>\n\n<h5>Ao longo dos anos, temos nos destacado no mercado gra&ccedil;as ao nosso compromisso em oferecer produtos inovadores e confi&aacute;veis, com foco especial na marca Pielsana para tratamento de feridas e curativos.</h5>\n', 1),
	(949, 1, 109, 1462, '[[{"label":"Imagem","name":"image","options":[],"value":{"valor":{"url":"ours-1.png","status":true}},"type":"image"},{"label":"Titulo","name":"title","options":[],"value":{"valor":"Nossos produtos"},"type":"text"},{"label":"Texto","name":"text","options":[],"value":{"valor":"Nossa linha de produtos \\u00e9 extensa e diversificada, com destaque para a marca Pielsana. Com uma abordagem focada no tratamento de feridas e curativos, oferecemos uma variedade de produtos, como curativos hidrocol\\u00f3ides, espumas absorventes, filmes transparentes, g\\u00e9is hidratantes, cremes de barreira e muito mais. Todos os nossos produtos s\\u00e3o desenvolvidos com base em pesquisas cient\\u00edficas, utilizando materiais de alta qualidade para garantir a efic\\u00e1cia e a seguran\\u00e7a"},"type":"textarea"}],[{"label":"Imagem","name":"image","options":[],"value":{"valor":{"url":"ours-1.png","status":true}},"type":"image"},{"label":"Titulo","name":"title","options":[],"value":{"valor":"Nossos produtos"},"type":"text"},{"label":"Texto","name":"text","options":[],"value":{"valor":"Nossa linha de produtos \\u00e9 extensa e diversificada, com destaque para a marca Pielsana. Com uma abordagem focada no tratamento de feridas e curativos, oferecemos uma variedade de produtos, como curativos hidrocol\\u00f3ides, espumas absorventes, filmes transparentes, g\\u00e9is hidratantes, cremes de barreira e muito mais. Todos os nossos produtos s\\u00e3o desenvolvidos com base em pesquisas cient\\u00edficas, utilizando materiais de alta qualidade para garantir a efic\\u00e1cia e a seguran\\u00e7a"},"type":"textarea"}]]', 1),
	(950, 1, 109, 1463, '', 1),
	(951, 1, 109, 1464, '[{"label":"Imagem","type":"image","value":{"valor":{"url":"space-4.png","status":true}}},{"label":"Imagem","type":"image","value":{"valor":{"url":"space-3.png","status":true}}},{"label":"Imagem","type":"image","value":{"valor":{"url":"space-2.png","status":true}}},{"label":"Imagem","type":"image","value":{"valor":{"url":"space-1.png","status":true}}},{"label":"Imagem","type":"image","value":{"valor":{"url":"space-3.png","status":true}}}]', 1),
	(952, 1, 109, 1465, '', 1),
	(953, 1, 109, 1466, '<h2>Conhe&ccedil;a a <strong>G-Medical</strong></h2>\n\n<h5>Presente nas principais feiras e eventos de<br />\n<strong>Produtos M&eacute;dico-Hospitalares!</strong></h5>\n', 1),
	(954, 1, 109, 1467, '[{"label":"Imagem","type":"image","value":{"valor":{"url":"know-2.png","status":true}}},{"label":"Imagem","type":"image","value":{"valor":{"url":"know-1.png","status":true}}},{"label":"Imagem","type":"image","value":{"valor":{"url":"know-2.png","status":true}}}]', 1),
	(955, 1, 659, 1468, '{"url":"curses.png","status":true}', 1),
	(956, 1, 659, 1469, '<h1>Cursos e Treinamentos</h1>\n\n<h5><strong>Capacite-se para oferecer cuidados de sa&uacute;de de excel&ecirc;ncia</strong><br />\n<br />\nAqui oferecemos capacita&ccedil;&otilde;es para a utiliza&ccedil;&atilde;o correta dos curativos, garantindo a melhor cicatriza&ccedil;&atilde;o das feridas do paciente. Confira nossas datas e inscreva-se!</h5>\n\n<h5>&nbsp;</h5>\n', 1),
	(957, 1, 689, 1470, '{"url":"ico_handgel.png","status":true}', 1),
	(958, 1, 689, 1471, 'Curso de limpeza e debridação de feridas com <strong>Pielsana Gel</strong>', 1),
	(959, 1, 690, 1470, '{"url":"","status":true}', 1),
	(960, 1, 690, 1471, 'Curso de limpeza e debridação de feridas com <strong>Pielsana Gel</strong>', 1),
	(961, 1, 691, 1470, '{"url":"ico_handgel.png","status":true}', 1),
	(962, 1, 691, 1471, 'Curso de limpeza e debridação de feridas com <strong>Pielsana Gel</strong>', 1),
	(963, 1, 692, 1470, '{"url":"ico_handgel.png","status":true}', 1),
	(964, 1, 692, 1471, 'Curso de limpeza e debridação de feridas com <strong>Pielsana Gel</strong>', 1),
	(965, 1, 30, 1472, '{"url":"blog.png","status":true}', 1),
	(966, 1, 30, 1473, '<h1>Blog</h1>\n\n<h5>Acompanhe a seguir nossas dicas e not&iacute;cias sobre a preven&ccedil;&atilde;o e tratamento de feridas. Nossos especialistas reuniram os melhores conte&uacute;dos para auxiliar os pacientes no cuidado com a sa&uacute;de</h5>\n', 1),
	(973, 1, 694, 86, '668', 1),
	(974, 1, 694, 60, '{"url":"c1_2.png","status":true}', 1),
	(975, 1, 694, 62, 'Vitae adipiscing tu enean ligula nibhmolestie id viverra dapilo eleifend Aliquam sem conubia. Vitae adipiscing tu enean ligula nibhmolestie id viverra dapilo eleifend Aliquam sem conubia. Vitae adipiscing tu enean ligula nibhmolestie id viverra dapilo eleifend Aliquam sem conubia.', 1),
	(976, 1, 694, 61, '<p>As pastilhas de freio s&atilde;o componentes essenciais para garantir a seguran&ccedil;a e o bom desempenho do ve&iacute;culo. No entanto, a durabilidade dessas pe&ccedil;as &eacute; um fator importante a ser considerado, uma vez que pastilhas gastas podem colocar em risco a <u>seguran&ccedil;a dos motoristas e passageiros.</u></p>\n\n<p>As pastilhas de freio da BROKK s&atilde;o fabricadas com materiais de alta qualidade, como a cer&acirc;mica, o que garante maior durabilidade e resist&ecirc;ncia. A composi&ccedil;&atilde;o especial dessas pastilhas tamb&eacute;m contribui para um desgaste mais uniforme, reduzindo a necessidade de trocas frequentes.</p>\n\n<p>Outro fator que influencia na durabilidade das pastilhas de freio &eacute; o estilo de condu&ccedil;&atilde;o do motorista. Dirigir de forma mais agressiva, com frenagens bruscas e constantes, pode acelerar o desgaste das pastilhas. Por isso, &eacute; importante adotar uma condu&ccedil;&atilde;o mais suave e cautelosa, especialmente em estradas com muitas curvas ou com tr&aacute;fego intenso.</p>\n\n<p>Al&eacute;m disso, &eacute; fundamental realizar a manuten&ccedil;&atilde;o peri&oacute;dica do ve&iacute;culo, incluindo a verifica&ccedil;&atilde;o das pastilhas de freio. A troca preventiva, antes que as pastilhas estejam completamente desgastadas, &eacute; uma medida importante para evitar problemas e garantir a seguran&ccedil;a dos ocupantes do ve&iacute;culo.</p>\n\n<p>Em resumo, as pastilhas de freio da BROKK s&atilde;o a escolha ideal para quem busca durabilidade, seguran&ccedil;a e qualidade. Com sua tecnologia avan&ccedil;ada e sua composi&ccedil;&atilde;o de cer&acirc;mica, essas pastilhas s&atilde;o capazes de oferecer um desempenho superior e uma vida &uacute;til mais longa, garantindo a tranquilidade dos motoristas e passageiros.</p>\n', 1),
	(977, 1, 694, 1223, '', 1),
	(978, 1, 694, 1224, '{"url":"","status":true}', 1),
	(979, 1, 60, 1474, '', 1),
	(980, 1, 60, 1475, '“Nosso objetivo é cuidar da sua saúde e levar <br> tratamento de qualidade para quem necessita.”', 1),
	(981, 1, 60, 1476, '', 1),
	(982, 1, 60, 1477, 'O que <strong>oferecemos</strong>', 1),
	(983, 1, 60, 1478, '[[{"label":"Icone","name":"icon","options":[],"value":{"valor":{"url":"i1.png","status":true}},"type":"image"},{"label":"Titulo","name":"title","options":[],"value":{"valor":"Distribui\\u00e7\\u00e3o de Equipamentos M\\u00e9dicos"},"type":"text"},{"label":"Texto","name":"text","options":[],"value":{"valor":"Oferecemos uma ampla variedade de equipamentos m\\u00e9dicos de \\u00faltima gera\\u00e7\\u00e3o, incluindo dispositivos de diagn\\u00f3stico, equipamentos cir\\u00fargicos, equipamentos de terapia, entre outros. Trabalhamos apenas com as marcas mais renomadas e confi\\u00e1veis do mercado para garantir a excel\\u00eancia em nossos produtos."},"type":"textarea"}],[{"label":"Icone","name":"icon","options":[],"value":{"valor":{"url":"i2.png","status":true}},"type":"image"},{"label":"Titulo","name":"title","options":[],"value":{"valor":"Suprimentos Hospitalares\'"},"type":"text"},{"label":"Texto","name":"text","options":[],"value":{"valor":"Al\\u00e9m dos equipamentos, tamb\\u00e9m fornecemos suprimentos e consum\\u00edveis hospitalares de alta qualidade. Desde produtos descart\\u00e1veis at\\u00e9 materiais de curativo, temos uma ampla sele\\u00e7\\u00e3o de itens essenciais para atender \\u00e0s necessidades dos profissionais de sa\\u00fade."},"type":"textarea"}],[{"label":"Icone","name":"icon","options":[],"value":{"valor":{"url":"i3.png","status":true}},"type":"image"},{"label":"Titulo","name":"title","options":[],"value":{"valor":"Assist\\u00eancia T\\u00e9cnica Especializada"},"type":"text"},{"label":"Texto","name":"text","options":[],"value":{"valor":"Contamos com uma equipe de t\\u00e9cnicos altamente qualificados e certificados para oferecer suporte t\\u00e9cnico especializado em todos os equipamentos que distribu\\u00edmos. Estamos prontos para atender \\u00e0s demandas de manuten\\u00e7\\u00e3o, reparo e calibra\\u00e7\\u00e3o, garantindo o funcionamento correto dos produtos adquiridos."},"type":"textarea"}]]', 1),
	(984, 1, 60, 1479, '', 1),
	(985, 1, 60, 1480, 'Por que escolher <strong>a G-Medical?</strong>', 1),
	(986, 1, 60, 1481, '[[{"label":"Icone","name":"icon","options":[],"value":{"valor":{"url":"i1_1.png","status":true}},"type":"image"},{"label":"Titulo","name":"title","options":[],"value":{"valor":"Qualidade e Confiabilidade"},"type":"text"},{"label":"Texto","name":"text","options":[],"value":{"valor":"Nosso compromisso com a qualidade \\u00e9 inabal\\u00e1vel. Selecionamos cuidadosamente os produtos que oferecemos, garantindo que eles atendam aos mais altos padr\\u00f5es de qualidade e seguran\\u00e7a."},"type":"textarea"}],[{"label":"Icone","name":"icon","options":[],"value":{"valor":{"url":"i2_1.png","status":true}},"type":"image"},{"label":"Titulo","name":"title","options":[],"value":{"valor":"Parcerias com os Melhores Fabricantes"},"type":"text"},{"label":"Texto","name":"text","options":[],"value":{"valor":"Trabalhamos em estreita colabora\\u00e7\\u00e3o com os principais fabricantes de produtos m\\u00e9dico-hospitalares do mercado. Isso nos permite oferecer uma ampla gama de op\\u00e7\\u00f5es e as mais recentes inova\\u00e7\\u00f5es tecnol\\u00f3gicas aos nossos clientes."},"type":"textarea"}],[{"label":"Icone","name":"icon","options":[],"value":{"valor":{"url":"i3_1.png","status":true}},"type":"image"},{"label":"Titulo","name":"title","options":[],"value":{"valor":"Atendimento Personalizado"},"type":"text"},{"label":"Texto","name":"text","options":[],"value":{"valor":"Valorizamos cada cliente e buscamos entender suas necessidades individuais. Nossa equipe dedicada est\\u00e1 pronta para fornecer orienta\\u00e7\\u00e3o especializada e ajud\\u00e1-lo a fazer a escolha certa para sua institui\\u00e7\\u00e3o de sa\\u00fade."},"type":"textarea"}],[{"label":"Icone","name":"icon","options":[],"value":{"valor":{"url":"i4.png","status":true}},"type":"image"},{"label":"Titulo","name":"title","options":[],"value":{"valor":"Entrega R\\u00e1pida e Eficiente"},"type":"text"},{"label":"Texto","name":"text","options":[],"value":{"valor":"Sabemos que a rapidez \\u00e9 crucial quando se trata de suprimentos m\\u00e9dico-hospitalares. Nossos processos log\\u00edsticos eficientes garantem que os produtos sejam entregues no prazo, para que voc\\u00ea possa contar com eles quando mais precisar."},"type":"textarea"}]]', 1),
	(987, 1, 60, 1482, '', 1),
	(988, 1, 60, 1483, 'Faça um orçamento conosco e <br> <strong>compre direto do distribuidor</strong>', 1),
	(989, 1, 60, 1484, 'Entre em contato conosco hoje mesmo para descobrir como podemos atender às suas necessidades em produtos médico-hospitalares. Estamos prontos para ajudar você a oferecer o melhor cuidado aos seus pacientes.', 1),
	(990, 1, 60, 1485, '', 1),
	(991, 1, 60, 1486, 'Conheça alguns de nossos<br>  <strong>Clientes mais que ESPECIAIS:</strong>', 1),
	(992, 1, 60, 1487, '[{"label":"Imagem","type":"image","value":{"valor":{"url":"c6.png","status":true}}},{"label":"Imagem","type":"image","value":{"valor":{"url":"c5.png","status":true}}},{"label":"Imagem","type":"image","value":{"valor":{"url":"c3.png","status":true}}},{"label":"Imagem","type":"image","value":{"valor":{"url":"c4.png","status":true}}},{"label":"Imagem","type":"image","value":{"valor":{"url":"c2.png","status":true}}},{"label":"Imagem","type":"image","value":{"valor":{"url":"c1.png","status":true}}},{"label":"Imagem","type":"image","value":{"valor":{"url":"c4.png","status":true}}},{"label":"Imagem","type":"image","value":{"valor":{"url":"c3.png","status":true}}}]', 1),
	(993, 1, 60, 1488, '', 1),
	(994, 1, 60, 1489, '<h2>D&uacute;vidas gerais</h2>\n\n<h5>Estamos aqui para auxiliar voc&ecirc; e esclarecer todas as d&uacute;vidas, caso n&atilde;o encontre a resposta<br />\nque procure, por favor entre em contato.</h5>\n', 1),
	(995, 1, 153, 1490, '{"url":"c1_1.png","status":true}', 1),
	(996, 1, 154, 1490, '{"url":"c2_1.png","status":true}', 1),
	(997, 1, 155, 1490, '{"url":"c3_1.png","status":true}', 1),
	(998, 1, 160, 1490, '{"url":"c2_1.png","status":true}', 1),
	(999, 1, 60, 1491, '', 1),
	(1000, 1, 60, 1492, 'Somos representantes oficiais da marca', 1),
	(1001, 1, 60, 1493, 'Ofereça produtos de qualidade em seu estabelecimento farmácia ou loja <br> de produtos médico-hospitalares', 1),
	(1002, 1, 60, 1494, '["Atuamos nos Estados de <br> Goi\\u00e1s e Distrito Federal","Compromisso e qualidade em<br> produtos m\\u00e9dico-hospitalares","Aceitamos diversas formas <br> de pagamento","Entrega em todo o Brasil em<br> at\\u00e9 5 dias","Centro de Distribui\\u00e7\\u00e3o <br>Completo","Sistema de log\\u00edstica terceirizada - caminh\\u00f5es espec\\u00edficos destinados a cada regi\\u00e3o do pa\\u00eds"]', 1),
	(1003, 1, 60, 1495, '', 1),
	(1004, 1, 60, 1496, '<h2>Compromisso com <strong>profissionais da &Aacute;rea da Sa&uacute;de</strong></h2>\n\n<h5>Nossa equipe t&eacute;cnica de enfermagem oferece cursos de capacita&ccedil;&atilde;o e treinamentos para a utiliza&ccedil;&atilde;o correta dos produtos. N&oacute;s deslocamos uma equipe at&eacute; o local e oferecemos tamb&eacute;m treinamento em nossa sede.</h5>\n\n<h4>Confira nossos cursos dispon&iacute;veis!</h4>\n', 1),
	(1005, 1, 60, 1497, '', 1),
	(1006, 1, 60, 1498, '<h2>Clientes que <strong>confiam na G-Medical</strong></h2>\n\n<h5>Confira a seguir depoimentos dos clientes que confiam em nosso trabalho e fazem parte da nossa trajet&oacute;ria.</h5>\n', 1),
	(1007, 1, 60, 1499, '', 1),
	(1008, 1, 60, 1500, '<h2>Seja bem-vindo &agrave; G-Medical!</h2>\n\n<h5>Somos uma renomada empresa especializada na distribui&ccedil;&atilde;o de produtos m&eacute;dico-hospitalares, dedicados a fornecer solu&ccedil;&otilde;es de alta qualidade para profissionais da &aacute;rea de sa&uacute;de e seus pacientes.</h5>\n\n<h5>Ao longo dos anos, temos nos destacado no mercado gra&ccedil;as ao nosso compromisso em oferecer produtos inovadores e confi&aacute;veis, somos representantes oficiais da marca em Goi&aacute;s e Distrito Federal Pielsana para tratamento de feridas e curativos.</h5>\n', 1),
	(1009, 1, 659, 1501, '', 1),
	(1010, 1, 659, 1502, '<h2>Nossos Cursos e Treinamentos Dispon&iacute;veis</h2>\n\n<h5>A G-Medical tem o compromisso em capacitar profissionais da &aacute;rea da sa&uacute;de<br />\npara o uso correto de produtos e curativos.</h5>\n', 1),
	(1011, 1, 659, 1503, '', 1),
	(1012, 1, 659, 1504, '<h2>Benef&iacute;cios de Participar dos Nossos Cursos</h2>\n\n<h5>Conhecimento aprofundado sobre produtos m&eacute;dico-hospitalares, melhoria na<br />\nqualidade dos cuidados de sa&uacute;de e aumento da seguran&ccedil;a do paciente.</h5>\n', 1),
	(1013, 1, 659, 1505, '[[{"label":"Imagem","name":"image","options":[],"value":{"valor":{"url":"i1_2.png","status":true}},"type":"image"},{"label":"Nome","name":"name","options":[],"value":{"valor":"Ana Rodrigues - Enfermeira"},"type":"text"},{"label":"Texto","name":"text","options":[],"value":{"valor":"\\"O Curso de Cuidados Paliativos da G-Medical foi uma jornada de aprendizado e reflex\\u00e3o. Al\\u00e9m das t\\u00e9cnicas cl\\u00ednicas, o curso abordou aspectos emocionais e \\u00e9ticos do cuidado aos pacientes em fim de vida. Isso ampliou minha compreens\\u00e3o sobre o papel do m\\u00e9dico nesses momentos delicados. Estou muito grata pela oportunidade de participar desse curso e recomendo a todos os profissionais de sa\\u00fade que desejam aprimorar seu cuidado integral.\\""},"type":"textarea"}],[{"label":"Imagem","name":"image","options":[],"value":{"valor":{"url":"i2_2.png","status":true}},"type":"image"},{"label":"Nome","name":"name","options":[],"value":{"valor":"Jo\\u00e3o Santos - T\\u00e9cnico de Enfermagem"},"type":"text"},{"label":"Texto","name":"text","options":[],"value":{"valor":"\\"O Treinamento em Curativos Avan\\u00e7ados da G-Medical superou minhas expectativas. Os instrutores foram extremamente qualificados e as pr\\u00e1ticas em laborat\\u00f3rio nos permitiram vivenciar situa\\u00e7\\u00f5es reais. Agora me sinto preparado para lidar com feridas complexas e oferecer um cuidado adequado aos pacientes.\\u201d"},"type":"textarea"}],[{"label":"Imagem","name":"image","options":[],"value":{"valor":{"url":"i3_2.png","status":true}},"type":"image"},{"label":"Nome","name":"name","options":[],"value":{"valor":"Maria Silva - Enfermeira Chefe"},"type":"text"},{"label":"Texto","name":"text","options":[],"value":{"valor":"\\"Participar do Curso de Utiliza\\u00e7\\u00e3o Avan\\u00e7ada de Produtos M\\u00e9dico-Hospitalares foi uma experi\\u00eancia transformadora para a minha carreira. Aprendi t\\u00e9cnicas avan\\u00e7adas e aprofundei meu conhecimento sobre os produtos, o que me tornou mais confiante e eficiente no atendimento aos pacientes. Agrade\\u00e7o \\u00e0 G-Medical pela excelente qualidade do curso e recomendo a todos os profissionais de sa\\u00fade que buscam aprimorar suas habilidades.\\""},"type":"textarea"}],[{"label":"Imagem","name":"image","options":[],"value":{"valor":{"url":"i3_2.png","status":true}},"type":"image"},{"label":"Nome","name":"name","options":[],"value":{"valor":"teste"},"type":"text"},{"label":"Texto","name":"text","options":[],"value":{"valor":"teste"},"type":"textarea"}]]', 1),
	(1014, 1, 695, 1506, '{"url":"pielsana.png","status":true}', 1),
	(1015, 1, 695, 1507, '<h1>Parceria com a Pielsana</h1>\n\n<h5>Na G-Medical, nos orgulhamos de estabelecer parcerias estrat&eacute;gicas que nos permitem oferecer solu&ccedil;&otilde;es avan&ccedil;adas e inovadoras para o cuidado m&eacute;dico-hospitalar.</h5>\n', 1),
	(1016, 1, 127, 1508, '{"url":"pielsana.png","status":true}', 1),
	(1017, 1, 127, 1509, '<h1>Produtos</h1>\n\n<h5>Encontre aqui toda a linha de produtos m&eacute;dico-hospitalares, equipamentos, EPI&rsquo;s, curativos e cosm&eacute;ticos que a G-Medical pode te oferecer</h5>\n', 1),
	(1018, 1, 653, 1510, '672', 1),
	(1019, 1, 698, 1510, '', 1),
	(1020, 1, 699, 1510, '', 1),
	(1021, 1, 700, 1510, '', 1),
	(1022, 1, 701, 1510, '', 1),
	(1023, 1, 696, 1510, '670', 1),
	(1024, 1, 697, 1510, '', 1),
	(1025, 1, 702, 1510, '', 1),
	(1026, 1, 653, 1511, '1', 1),
	(1027, 1, 654, 1510, '', 1),
	(1028, 1, 654, 1511, '1', 1),
	(1029, 1, 702, 1511, '1', 1),
	(1030, 1, 696, 1511, '1', 1),
	(1031, 1, 654, 1512, '{"url":"p2.png","status":true}', 1),
	(1032, 1, 654, 1513, '', 1),
	(1033, 1, 653, 1512, '{"url":"p1.png","status":true}', 1),
	(1034, 1, 653, 1513, '', 1),
	(1035, 1, 696, 1512, '{"url":"p4.png","status":true}', 1),
	(1036, 1, 696, 1513, '', 1),
	(1037, 1, 702, 1512, '{"url":"p3.png","status":true}', 1),
	(1038, 1, 702, 1513, '[{"label":"Imagem","type":"image","value":{"valor":{"url":"p3.png","status":true}}},{"label":"Imagem","type":"image","value":{"valor":{"url":"p1.png","status":true}}},{"label":"Imagem","type":"image","value":{"valor":{"url":"p2.png","status":true}}},{"label":"Imagem","type":"image","value":{"valor":{"url":"p1.png","status":true}}}]', 1),
	(1039, 1, 697, 1511, '', 1),
	(1040, 1, 697, 1512, '{"url":"p4.png","status":true}', 1),
	(1041, 1, 697, 1513, '', 1),
	(1042, 1, 698, 1511, '', 1),
	(1043, 1, 698, 1512, '{"url":"p4.png","status":true}', 1),
	(1044, 1, 698, 1513, '', 1),
	(1045, 1, 699, 1511, '1', 1),
	(1046, 1, 699, 1512, '{"url":"p4.png","status":true}', 1),
	(1047, 1, 699, 1513, '', 1),
	(1048, 1, 700, 1511, '', 1),
	(1049, 1, 700, 1512, '{"url":"p4.png","status":true}', 1),
	(1050, 1, 700, 1513, '', 1),
	(1051, 1, 701, 1511, '', 1),
	(1052, 1, 701, 1512, '{"url":"p4.png","status":true}', 1),
	(1053, 1, 701, 1513, '', 1),
	(1054, 1, 653, 1514, 'Lorem ipsum dolor sit amet, consectetur adipiscing elit. Nunc metus velit, varius vitae imperdiet eget, molestie ac sapien.', 1),
	(1055, 1, 654, 1514, 'Lorem ipsum dolor sit amet, consectetur adipiscing elit. Nunc metus velit, varius vitae imperdiet eget, molestie ac sapien.', 1),
	(1056, 1, 696, 1514, 'Lorem ipsum dolor sit amet, consectetur adipiscing elit. Nunc metus velit, varius vitae imperdiet eget, molestie ac sapien.', 1),
	(1057, 1, 702, 1514, 'Lorem ipsum dolor sit amet, consectetur adipiscing elit. Nunc metus velit, varius vitae imperdiet eget, molestie ac sapien.', 1),
	(1058, 1, 699, 1514, '', 1),
	(1059, 1, 703, 1515, '{"url":"ico2.png","status":true}', 1),
	(1060, 1, 670, 1515, '{"url":"ico3.png","status":true}', 1),
	(1061, 1, 671, 1515, '{"url":"ico1.png","status":true}', 1),
	(1062, 1, 702, 1516, '10,2 cm X 9,14 m', 1),
	(1063, 1, 702, 1517, 'Caixa com 01 unidade', 1),
	(1064, 1, 695, 1518, '', 1),
	(1065, 1, 695, 1519, '<h5>Estamos entusiasmados em compartilhar os benef&iacute;cios dessa parceria com nossos clientes e parceiros.</h5>\n\n<h5>Se voc&ecirc; deseja obter mais informa&ccedil;&otilde;es sobre os produtos Pielsana ou gostaria de fazer uma cota&ccedil;&atilde;o, entre em contato conosco atrav&eacute;s de nossos canais de comunica&ccedil;&atilde;o.</h5>\n\n<h5>Nossa equipe de especialistas est&aacute; pronta para ajud&aacute;-lo(a) e oferecer solu&ccedil;&otilde;es personalizadas para suas necessidades de curativos e recupera&ccedil;&atilde;o de feridas.</h5>\n', 1),
	(1066, 1, 695, 1520, 'Revenda produtos Pielsana <br> em seu estabelecimento', 1),
	(1067, 1, 695, 1521, '', 1),
	(1068, 1, 695, 1522, 'Benefícios da Parceria', 1),
	(1069, 1, 695, 1523, '[[{"label":"Icone","name":"icon","options":[],"value":{"valor":{"url":"b1.png","status":true}},"type":"image"},{"label":"Titulo","name":"title","options":[],"value":{"valor":"Produtos de Qualidade Superior"},"type":"text"},{"label":"Texto","name":"text","options":[],"value":{"valor":"Como representantes oficiais da marca Pielsana, temos acesso a uma linha completa de produtos m\\u00e9dico-hospitalares para curativos e recupera\\u00e7\\u00e3o de feridas. A Pielsana \\u00e9 conhecida pela excel\\u00eancia de seus produtos, que s\\u00e3o desenvolvidos com os mais altos padr\\u00f5es de qualidade e inova\\u00e7\\u00e3o. Com essa parceria, garantimos que nossos clientes tenham acesso a solu\\u00e7\\u00f5es de alta qualidade para suas necessidades."},"type":"textarea"}],[{"label":"Icone","name":"icon","options":[],"value":{"valor":{"url":"b2.png","status":true}},"type":"image"},{"label":"Titulo","name":"title","options":[],"value":{"valor":"Ampla Variedade de Op\\u00e7\\u00f5es"},"type":"text"},{"label":"Texto","name":"text","options":[],"value":{"valor":"A parceria com a Pielsana nos permite oferecer uma ampla variedade de produtos para atender \\u00e0s necessidades diversificadas de curativos e recupera\\u00e7\\u00e3o de feridas. Desde bandagens adesivas at\\u00e9 curativos especiais, nossos clientes t\\u00eam acesso a uma gama completa de solu\\u00e7\\u00f5es para cuidados eficazes e personalizados."},"type":"textarea"}],[{"label":"Icone","name":"icon","options":[],"value":{"valor":{"url":"b3.png","status":true}},"type":"image"},{"label":"Titulo","name":"title","options":[],"value":{"valor":"Suporte T\\u00e9cnico Especializado"},"type":"text"},{"label":"Texto","name":"text","options":[],"value":{"valor":"Como parte dessa parceria, nossa equipe recebe treinamento e suporte t\\u00e9cnico especializado da Pielsana. Isso nos permite fornecer orienta\\u00e7\\u00f5es precisas sobre o uso correto dos produtos, bem como oferecer suporte no desenvolvimento de protocolos de tratamento e na resolu\\u00e7\\u00e3o de d\\u00favidas dos profissionais de sa\\u00fade. Estamos comprometidos em ser um parceiro confi\\u00e1vel e experiente em curativos e recupera\\u00e7\\u00e3o de feridas."},"type":"textarea"}],[{"label":"Icone","name":"icon","options":[],"value":{"valor":{"url":"b4.png","status":true}},"type":"image"},{"label":"Titulo","name":"title","options":[],"value":{"valor":"Expertise da Pielsana"},"type":"text"},{"label":"Texto","name":"text","options":[],"value":{"valor":"A Pielsana \\u00e9 reconhecida internacionalmente por sua expertise e conhecimento no desenvolvimento de produtos m\\u00e9dicos para cuidados com feridas. Com d\\u00e9cadas de experi\\u00eancia e pesquisa cont\\u00ednua, a Pielsana oferece solu\\u00e7\\u00f5es inovadoras e eficazes que ajudam a acelerar o processo de cicatriza\\u00e7\\u00e3o e promover uma recupera\\u00e7\\u00e3o mais r\\u00e1pida."},"type":"textarea"}]]', 1),
	(1070, 1, 695, 1524, '', 1),
	(1071, 1, 695, 1525, '<h2>Somos representantes oficiais em Goi&aacute;s e no Distrito Federal</h2>\n\n<h5>Temos a satisfa&ccedil;&atilde;o de ser a representante oficial da marca Pielsana nos estados de Goi&aacute;s e Distrito Federal, trazendo produtos de alta qualidade para curativos e recupera&ccedil;&atilde;o de feridas. Essa parceria fortalece nosso compromisso em fornecer o melhor atendimento aos profissionais de sa&uacute;de e aos pacientes, oferecendo solu&ccedil;&otilde;es eficazes e confi&aacute;veis.</h5>\n', 1),
	(1072, 1, 119, 1526, '{"url":"doubt.png","status":true}', 1),
	(1073, 1, 119, 1527, '<h1>D&uacute;vidas</h1>\n\n<h5>Possui alguma d&uacute;vida com rela&ccedil;&atilde;o aos servi&ccedil;os prestados pela G-Medical? Entre em contato conosco, nossa equipe est&aacute; a disposi&ccedil;&atilde;o para ajuda-lo.</h5>\n', 1),
	(1074, 1, 702, 1528, 'Lorem ipsum dolor sit amet, consectetur adipiscing elit. Maecenas massa mi, vehicula sed magna ut, malesuada dictum sem. Suspendisse luctus est eget mi dapibus ornare. Etiam eleifend imperdiet finibus. Aenean auctor eleifend lorem sed malesuada. Integer elit mi, placerat sed convallis sit amet, congue in lorem. Vestibulum pellentesque risus id augue ultrices bibendum. Pellentesque volutpat elementum sem, ac vehicula tortor porttitor a. In augue augue, ullamcorper vel fermentum et, blandit nec erat. Sed lacinia finibus pellentesque. Maecenas in pellentesque orci.', 1);

-- Copiando estrutura para tabela g-medical.app_idiomas
CREATE TABLE IF NOT EXISTS `app_idiomas` (
  `id` int NOT NULL AUTO_INCREMENT,
  `titulo` varchar(250) DEFAULT NULL,
  `sigla` varchar(250) DEFAULT NULL,
  `thumb` varchar(250) DEFAULT NULL,
  `fixo` tinyint DEFAULT NULL,
  PRIMARY KEY (`id`)
) ENGINE=InnoDB AUTO_INCREMENT=4 DEFAULT CHARSET=latin1;

-- Copiando dados para a tabela g-medical.app_idiomas: ~3 rows (aproximadamente)
INSERT IGNORE INTO `app_idiomas` (`id`, `titulo`, `sigla`, `thumb`, `fixo`) VALUES
	(1, 'Português (Brasil)', 'pt-br', 'admin/img/icons/pt-br.png', 1),
	(2, 'English', 'en', 'admin/img/icons/en.png', 1),
	(3, 'Spanish', 'spain', 'admin/img/icons/spain.png', 1);

-- Copiando estrutura para tabela g-medical.app_logs
CREATE TABLE IF NOT EXISTS `app_logs` (
  `id` int NOT NULL AUTO_INCREMENT,
  `usuario` varchar(250) DEFAULT NULL,
  `conteudo` varchar(250) DEFAULT NULL,
  `conteudo_id` int DEFAULT NULL,
  `idioma_id` int DEFAULT NULL,
  `tipo` tinytext,
  `created_at` datetime DEFAULT NULL,
  `updated_at` datetime DEFAULT NULL,
  PRIMARY KEY (`id`)
) ENGINE=InnoDB DEFAULT CHARSET=utf8mb3;

-- Copiando dados para a tabela g-medical.app_logs: ~151 rows (aproximadamente)

-- Copiando estrutura para tabela g-medical.app_mensagens
CREATE TABLE IF NOT EXISTS `app_mensagens` (
  `id` int NOT NULL AUTO_INCREMENT,
  `nome` varchar(300) DEFAULT NULL,
  `email` varchar(50) DEFAULT NULL,
  `telefone` varchar(50) DEFAULT NULL,
  `campos` text,
  `form_name` varchar(300) DEFAULT NULL,
  `idioma` int DEFAULT '1',
  `lida` varchar(250) DEFAULT NULL,
  `created_at` datetime DEFAULT NULL,
  `updated_at` datetime DEFAULT NULL,
  `local` text,
  PRIMARY KEY (`id`)
) ENGINE=InnoDB DEFAULT CHARSET=latin1;

-- Copiando dados para a tabela g-medical.app_mensagens: ~5 rows (aproximadamente)

-- Copiando estrutura para tabela g-medical.app_rd_oportunidades
CREATE TABLE IF NOT EXISTS `app_rd_oportunidades` (
  `id` bigint unsigned NOT NULL AUTO_INCREMENT,
  `id_oportunidade` text CHARACTER SET utf8mb4 COLLATE utf8mb4_unicode_ci,
  `usuario_id` int DEFAULT NULL,
  `usuario_crm_id` text CHARACTER SET utf8mb4 COLLATE utf8mb4_unicode_ci,
  `nome` varchar(250) CHARACTER SET utf8mb4 COLLATE utf8mb4_unicode_ci DEFAULT NULL,
  `email` varchar(250) CHARACTER SET utf8mb4 COLLATE utf8mb4_unicode_ci DEFAULT NULL,
  `telefone` varchar(50) CHARACTER SET utf8mb4 COLLATE utf8mb4_unicode_ci DEFAULT NULL,
  `mensagem` text CHARACTER SET utf8mb4 COLLATE utf8mb4_unicode_ci,
  `formulario` varchar(250) CHARACTER SET utf8mb4 COLLATE utf8mb4_unicode_ci DEFAULT NULL,
  `anotacoes` text CHARACTER SET utf8mb4 COLLATE utf8mb4_unicode_ci,
  `created_at` datetime DEFAULT NULL,
  `updated_at` datetime DEFAULT NULL,
  PRIMARY KEY (`id`)
) ENGINE=InnoDB DEFAULT CHARSET=utf8mb4 COLLATE=utf8mb4_unicode_ci;

-- Copiando dados para a tabela g-medical.app_rd_oportunidades: ~0 rows (aproximadamente)

-- Copiando estrutura para tabela g-medical.app_rd_usuarios
CREATE TABLE IF NOT EXISTS `app_rd_usuarios` (
  `id` bigint unsigned NOT NULL AUTO_INCREMENT,
  `nome` varchar(100) CHARACTER SET utf8mb4 COLLATE utf8mb4_unicode_ci DEFAULT NULL,
  `email` varchar(100) CHARACTER SET utf8mb4 COLLATE utf8mb4_unicode_ci DEFAULT NULL,
  `whatsapp` varchar(50) CHARACTER SET utf8mb4 COLLATE utf8mb4_unicode_ci DEFAULT NULL,
  `local` varchar(50) CHARACTER SET utf8mb4 COLLATE utf8mb4_unicode_ci DEFAULT NULL,
  `crm_id` text CHARACTER SET utf8mb4 COLLATE utf8mb4_unicode_ci,
  `rodizio` varchar(11) CHARACTER SET utf8mb4 COLLATE utf8mb4_unicode_ci DEFAULT NULL,
  `created_at` datetime DEFAULT NULL,
  `updated_at` datetime DEFAULT NULL,
  PRIMARY KEY (`id`)
) ENGINE=InnoDB DEFAULT CHARSET=utf8mb4 COLLATE=utf8mb4_unicode_ci;

-- Copiando dados para a tabela g-medical.app_rd_usuarios: ~0 rows (aproximadamente)

-- Copiando estrutura para tabela g-medical.app_recuperarsenha
CREATE TABLE IF NOT EXISTS `app_recuperarsenha` (
  `id` int NOT NULL AUTO_INCREMENT,
  `usuario_id` int DEFAULT NULL,
  `usuario_email` varchar(300) DEFAULT NULL,
  `token` varchar(50) DEFAULT NULL,
  `data` datetime DEFAULT NULL,
  PRIMARY KEY (`id`)
) ENGINE=InnoDB DEFAULT CHARSET=latin1;

-- Copiando dados para a tabela g-medical.app_recuperarsenha: ~0 rows (aproximadamente)

-- Copiando estrutura para tabela g-medical.app_upload
CREATE TABLE IF NOT EXISTS `app_upload` (
  `id` int NOT NULL AUTO_INCREMENT,
  `file` varchar(300) DEFAULT NULL,
  `type` varchar(50) DEFAULT NULL,
  PRIMARY KEY (`id`)
) ENGINE=InnoDB AUTO_INCREMENT=71 DEFAULT CHARSET=latin1;

-- Copiando dados para a tabela g-medical.app_upload: ~44 rows (aproximadamente)
INSERT IGNORE INTO `app_upload` (`id`, `file`, `type`) VALUES
	(5, 'type-1.png', 'image'),
	(6, 'type-2.png', 'image'),
	(7, 'banner.png', 'image'),
	(8, 'banner-2.png', 'image'),
	(9, 'banner-3.png', 'image'),
	(10, 'about.png', 'image'),
	(11, 'blog.png', 'image'),
	(12, 'budget.png', 'image'),
	(13, 'contact.png', 'image'),
	(14, 'curses.png', 'image'),
	(15, 'dealer.png', 'image'),
	(16, 'doubt.png', 'image'),
	(17, 'pielsana.png', 'image'),
	(18, 'work.png', 'image'),
	(19, 'w1.png', 'image'),
	(20, 'w2.png', 'image'),
	(21, 'w3.png', 'image'),
	(22, 'w4.png', 'image'),
	(23, 'w5.png', 'image'),
	(25, 'g1.png', 'image'),
	(26, 'g2.png', 'image'),
	(27, 'g3.png', 'image'),
	(28, 'welcome.png', 'image'),
	(29, 'ours-1.png', 'image'),
	(30, 'space-1.png', 'image'),
	(31, 'space-2.png', 'image'),
	(32, 'space-3.png', 'image'),
	(33, 'space-4.png', 'image'),
	(34, 'know-1.png', 'image'),
	(35, 'know-2.png', 'image'),
	(36, 'ico_handgel.png', 'image'),
	(37, 'i1.png', 'image'),
	(38, 'i2.png', 'image'),
	(39, 'i3.png', 'image'),
	(40, 'i1_1.png', 'image'),
	(41, 'i2_1.png', 'image'),
	(42, 'i3_1.png', 'image'),
	(43, 'i4.png', 'image'),
	(44, 'c1.png', 'image'),
	(45, 'c2.png', 'image'),
	(46, 'c3.png', 'image'),
	(47, 'c4.png', 'image'),
	(48, 'c5.png', 'image'),
	(49, 'c6.png', 'image'),
	(50, 'c1_1.png', 'image'),
	(51, 'c2_1.png', 'image'),
	(52, 'c3_1.png', 'image'),
	(53, 'i1_2.png', 'image'),
	(54, 'i2_2.png', 'image'),
	(55, 'i3_2.png', 'image'),
	(56, 'c1_2.png', 'image'),
	(57, 'c2_2.png', 'image'),
	(58, 'c3_2.png', 'image'),
	(59, 'c4_1.png', 'image'),
	(60, 'p1.png', 'image'),
	(61, 'p2.png', 'image'),
	(62, 'p3.png', 'image'),
	(63, 'p4.png', 'image'),
	(64, 'ico1.png', 'image'),
	(65, 'ico2.png', 'image'),
	(66, 'ico3.png', 'image'),
	(67, 'b1.png', 'image'),
	(68, 'b2.png', 'image'),
	(69, 'b3.png', 'image'),
	(70, 'b4.png', 'image');

-- Copiando estrutura para tabela g-medical.app_usuarios
CREATE TABLE IF NOT EXISTS `app_usuarios` (
  `id` int NOT NULL AUTO_INCREMENT,
  `nome` varchar(300) NOT NULL DEFAULT '0',
  `email` varchar(300) DEFAULT NULL,
  `telefone` varchar(50) DEFAULT NULL,
  `senha` text,
  `cargo` varchar(300) DEFAULT NULL,
  `permissao_geral` int DEFAULT NULL,
  `permissao_paginas` text,
  `created_at` datetime DEFAULT NULL,
  `updated_at` datetime DEFAULT NULL,
  `permissoes` text,
  `listar` int DEFAULT NULL,
  `ler` int DEFAULT NULL,
  `editar` int DEFAULT NULL,
  `inserir` int DEFAULT NULL,
  `conf` int DEFAULT NULL,
  `users` int DEFAULT NULL,
  `messages` int DEFAULT NULL,
  `dev` int DEFAULT NULL,
  `crm` int DEFAULT NULL,
  `crm_relatorio` int DEFAULT NULL,
  `crm_contato` int DEFAULT NULL,
  `crm_gerenciar` int DEFAULT NULL,
  PRIMARY KEY (`id`)
) ENGINE=InnoDB AUTO_INCREMENT=2 DEFAULT CHARSET=latin1;

-- Copiando dados para a tabela g-medical.app_usuarios: ~0 rows (aproximadamente)
INSERT IGNORE INTO `app_usuarios` (`id`, `nome`, `email`, `telefone`, `senha`, `cargo`, `permissao_geral`, `permissao_paginas`, `created_at`, `updated_at`, `permissoes`, `listar`, `ler`, `editar`, `inserir`, `conf`, `users`, `messages`, `dev`, `crm`, `crm_relatorio`, `crm_contato`, `crm_gerenciar`) VALUES
	(1, 'joe', 'joe', NULL, '$2y$10$NUNOGGQPvi578AKVnfO47uYgctdB/GRAVnnQyYNKB3TPq9Wr1YuCu', NULL, 1, '[]', '2023-03-14 09:03:34', '2023-03-14 09:03:34', '{"listar":true,"ler":true,"editar":true,"inserir":true,"conf":true,"users":true,"messages":true,"raddar":true,"dev":true}', NULL, NULL, NULL, NULL, NULL, NULL, NULL, NULL, NULL, NULL, NULL, NULL);

-- Copiando estrutura para tabela g-medical.migrations
CREATE TABLE IF NOT EXISTS `migrations` (
  `id` int unsigned NOT NULL AUTO_INCREMENT,
  `migration` varchar(255) CHARACTER SET utf8mb4 COLLATE utf8mb4_unicode_ci NOT NULL,
  `batch` int NOT NULL,
  PRIMARY KEY (`id`)
) ENGINE=InnoDB AUTO_INCREMENT=25 DEFAULT CHARSET=utf8mb4 COLLATE=utf8mb4_unicode_ci;

-- Copiando dados para a tabela g-medical.migrations: ~19 rows (aproximadamente)
INSERT IGNORE INTO `migrations` (`id`, `migration`, `batch`) VALUES
	(6, '2021_07_26_125612_atualizar_app', 1),
	(7, '2021_08_05_140900_atualizacao_relatorio', 1),
	(8, '2021_08_10_162745_atualizar_permissoes', 1),
	(9, '2021_08_31_160146_atualizacao_crm_rodizio', 1),
	(10, '2021_09_01_160224_atualizar_conf_crm', 1),
	(11, '2021_09_03_121630_atualizar_crm_oportunidades', 1),
	(12, '2021_09_20_150954_formularios_crm', 1),
	(13, '2021_09_20_181033_remover_funil_sem_etapa', 1),
	(14, '2021_09_24_103513_app_crm_produtos_oportunidades', 2),
	(15, '2021_09_30_104355_app_crm_fontes_oportunidades', 3),
	(16, '2021_10_06_104051_grupo_funil', 4),
	(17, '2021_10_08_105020_funil_cores', 4),
	(18, '2021_10_26_074321_app_mensagens_local', 4),
	(19, '2021_10_26_161340_interacao_new', 4),
	(20, '2021_11_29_154213_popular_dados_crm', 4),
	(21, '2021_12_03_150329_rdstation_crm', 4),
	(22, '2022_01_10_133856_crm_raddar_digital', 4),
	(23, '2022_08_04_092533_ordenamento_conteudo', 4),
	(24, '2022_08_09_080700_nectar_crm', 4);

/*!40103 SET TIME_ZONE=IFNULL(@OLD_TIME_ZONE, 'system') */;
/*!40101 SET SQL_MODE=IFNULL(@OLD_SQL_MODE, '') */;
/*!40014 SET FOREIGN_KEY_CHECKS=IFNULL(@OLD_FOREIGN_KEY_CHECKS, 1) */;
/*!40101 SET CHARACTER_SET_CLIENT=@OLD_CHARACTER_SET_CLIENT */;
/*!40111 SET SQL_NOTES=IFNULL(@OLD_SQL_NOTES, 1) */;
